<?xml version="1.0"?>


<rss version="2.0" xmlns:slash="http://purl.org/rss/1.0/modules/slash/" xmlns:wfw="http://wellformedweb.org/CommentAPI/">
<channel>
	<title>forgetfoo.com - it's just a pixel baby.</title>
	<link>http://www.forgetfoo.com/</link>
	<description>Last 10 blog entries at forgetfoo.com</description>
	<language>en-us</language>
	<copyright>Copyright 2005</copyright>
	<lastBuildDate>Mon, 25 Jul 2005 14:01:43 EST</lastBuildDate>
	<managingEditor>foo&#064;forgetfoo.com</managingEditor>
	<webMaster>foo&#064;forgetfoo.com</webMaster>
	<ttl>180</ttl>
	<image>
	<title>_____forgetfoo_____</title>
		<url>http://www.forgetfoo.com/images/foopic_rss1.gif</url>
		<description>FOO: Pure Pixelsex!</description>
		<link>http://www.forgetfoo.com/</link>
	</image>
	
	<item>
		<title><![CDATA[MSN Virtual Earth]]></title>
		<link><![CDATA[http://www.forgetfoo.com/?p=2&blogid=4218]]></link>
	    <description><![CDATA[well i'll be damned... <a href="http://virtualearth.msn.com/" title="MSN Virtual Earth" target="_blank" class="bold">MSN Virtual Earth</a> went live today! <img src="http://www.forgetfoo.com/images/emo/emo-eek.gif" width="18" height="18" border="0" align="bottom" alt="Eeek!" style="margin:0 5px" /><p align="center"><a href="http://virtualearth.msn.com/" title="MSN Virtual Earth" target="_blank"><img src="http://www.forgetfoo.com/images/blog/msn-virtualearth-2b.jpg" width="500" height="251" border="0" alt="MSN Virtual Earth" class="pic" /></a></p><p>i was just playing around with it and did a few searches around the country... and yes, the first place i looked up was were i lived, which wasn't any worse than looking it up on <a href="http://maps.google.com/" title="Google Maps" target="_blank">Google Maps</a>... maybe i'm missing something here, but i remember from the lil demo vid that was posted over at <a href="http://channel9.msdn.com/" title="Channel 9" target="_blank">Channel 9</a> awhile back had some spiffy looking vector 3D modeling overlay thing going on, but i'm not see'n it.... hmmmm.</p><p><strong>p.s.</strong> <a href="http://news.yahoo.com/s/ap/20050725/ap_on_sp_ot/cyc_tour_de_france;_ylt=Atjg7yyT791Aei6jdMBRj16s0NUE;_ylu=X3oDMTA3cm82NXAwBHNlYwM3NTU-" title="Armstrong Bids Farewell to Tour De France" target="_blank">Armstrong Bids Farewell to Tour De France</a> &amp;mdash; he's the fucking man... effin awesome.</p>]]></description> <pubDate>Mon, 25 Jul 2005 12:29:00 EST</pubDate> 
		<comments><![CDATA[http://www.forgetfoo.com/?p=2&blogid=4218#comments]]></comments>
		<wfw:commentRss><![CDATA[http://www.forgetfoo.com/rss/comments/?blogid=4218]]></wfw:commentRss>
		<wfw:comment><![CDATA[http://www.forgetfoo.com/?p=2&blogid=4218#comments]]></wfw:comment> 
		<category><![CDATA[Online/Web]]></category>
  </item>
  
	<item>
		<title><![CDATA[Bona Fista]]></title>
		<link><![CDATA[http://www.forgetfoo.com/?p=2&blogid=4217]]></link>
	    <description><![CDATA[seems that the new naming of the next version of Windows, <strong>Vista</strong>, hasn't gone over too well with alot of crowds... at least online... from <a href="http://www.neowin.net/" title="Neowin" target="_blank">Neowin</a>, <a href="http://www.slashdot.org" title="Slashdot" target="_blank">Slashdot</a>, and a hundred blogs or more &amp;mdash; seems that most agree that the name stinks. it's been a couple days and i figured i'd give myself some time to get used to it... but it hasnt helped much, and i keep thinking <strong>Windows Fista</strong> now everytime i see reference to it... here's a quick image i threw together <img src="http://www.forgetfoo.com/images/emo/emo-wink.gif" width="18" height="18" border="0" align="bottom" alt="Wink" style="margin:0 5px" /><p align="center"><img src="http://www.forgetfoo.com/images/blog/loading-vista1.gif" width="321" height="134" border="0" alt="Loading Windows Fista..." /></p><p>also <a href="http://news.com.com/Windows+Vista+draws+jokes%2C+scorn%2C+approval/2100-1016_3-5801300.html?part=rss&amp;amp;tag=5801300&amp;amp;subj=news" title="Windows Vista draws jokes, scorn, approval" target="_blank">thought this acronym</a> for VISTA was pretty funny... *chuckle*</p><blockquote>Using a similarly sarcastic tone, <a href="http://blog.veggiedude.com/" title="VeggieDude" target="_blank">blogger Veggiedude</a> sees "VISTA" as an acronym for "the top five Windows problems: viruses, infections, spyware, trojans and adware," he wrote.</blockquote>]]></description> <pubDate>Mon, 25 Jul 2005 12:06:00 EST</pubDate> 
		<comments><![CDATA[http://www.forgetfoo.com/?p=2&blogid=4217#comments]]></comments>
		<wfw:commentRss><![CDATA[http://www.forgetfoo.com/rss/comments/?blogid=4217]]></wfw:commentRss>
		<wfw:comment><![CDATA[http://www.forgetfoo.com/?p=2&blogid=4217#comments]]></wfw:comment> 
		<category><![CDATA[Online/Web]]></category>
  </item>
  
	<item>
		<title><![CDATA[UK Body Scanners]]></title>
		<link><![CDATA[http://www.forgetfoo.com/?p=2&blogid=4216]]></link>
	    <description><![CDATA[<a href="http://news.com.com/U.K.+police+to+test+bomb-detecting+body+scanners/2100-7348_3-5799907.html?part=rss&amp;amp;tag=5799907&amp;amp;subj=news" title="U.K. police to test bomb-detecting body scanners" target="_blank" class="bold">U.K. police to test bomb-detecting body scanners</a><blockquote><img src="http://www.forgetfoo.com/images/blog/524smsecurity135x137.jpg" width="135" height="121" border="0" alt="Millimeter Wave Imaging" align="right" class="pic" />Following the suicide bomb attacks on London this month, the U.K. government and police are planning to evaluate scanning technology that can see through clothes and detect concealed bombs and weapons on people. <br /><br />The millimeter wave imaging technology was developed by defense research company Qinetiq with the help of government funding and is currently used to detect stowaways hiding in vehicles at channel ports and at an airport in the U.K. The scanner picked up 10,000 illegal immigrants in the back of trucks in its first nine months. <br /><br />A new, smaller device has been developed by Qinetiq that is designed to inspect individuals or groups of people, with the image showing the surface of the body and objects under clothing. <br /><br /> <br />Home Secretary Charles Clarke said the government will evaluate the latest system for suitability in the antiterror campaign as soon as it is available in early August.</blockquote><p>i remember something similar being in the news over here a year or more ago, and blogging about it... kinda freaky, in that when it scans you, it displays an image of you naked if i remember correctly &amp;mdash; not sure that's a job i'd want, man <img src="http://www.forgetfoo.com/images/emo/emo-oh.gif" width="18" height="18" border="0" align="bottom" alt="Ohhh" style="margin:0 5px" /></p>]]></description> <pubDate>Mon, 25 Jul 2005 11:11:00 EST</pubDate> 
		<comments><![CDATA[http://www.forgetfoo.com/?p=2&blogid=4216#comments]]></comments>
		<wfw:commentRss><![CDATA[http://www.forgetfoo.com/rss/comments/?blogid=4216]]></wfw:commentRss>
		<wfw:comment><![CDATA[http://www.forgetfoo.com/?p=2&blogid=4216#comments]]></wfw:comment> 
		<category><![CDATA[News]]></category>
  </item>
  
	<item>
		<title><![CDATA[FF Overflow Sucks]]></title>
		<link><![CDATA[http://www.forgetfoo.com/?p=2&blogid=4215]]></link>
	    <description><![CDATA[okay, here's some stripped down code just to illustrate the basics of what i'm doing in the *dark* design... i apply the background-image to the body tag (wallpaper or tiled image), and then apply the overflow to the <code>#page</code> div.... if you swap in a wallpaper image locally, you'll see what i mean on how it behaves in Firefox <img src="http://www.forgetfoo.com/images/emo/emo-oh.gif" width="18" height="18" border="0" align="bottom" alt="Ohhh" style="margin:0 5px" /><h3 title="Dummy Code">Dummy Code</h3>
<pre>
&amp;lt;style type="text/css"&amp;gt;
body { 
   background: url(bkg-5060-wp1.jpg) no-repeat fixed top left; 
   margin: 0;
   padding: 0;
   width: 100%;
   height: 100%;
   overflow: hidden;
   color: #fff;
}
#page {
   width: 100%;
   height: 100%;
   overflow: auto;
}	
#content {
   height: 1600px;
   padding: 20px;
}
&amp;lt;/style&amp;gt;
&amp;lt;/head&amp;gt;

&amp;lt;body scroll="no"&amp;gt;

&amp;lt;div id="page"&amp;gt;
&amp;lt;div id="content"&amp;gt;	
   &amp;lt;div style="height:1200px"&amp;gt;test.&amp;lt;/div&amp;gt;
   fuck yeah.
&amp;lt;/div&amp;gt;
&amp;lt;/div&amp;gt;
</pre><p>works perfectly in IE6....</p>]]></description> <pubDate>Mon, 25 Jul 2005 09:16:00 EST</pubDate> 
		<comments><![CDATA[http://www.forgetfoo.com/?p=2&blogid=4215#comments]]></comments>
		<wfw:commentRss><![CDATA[http://www.forgetfoo.com/rss/comments/?blogid=4215]]></wfw:commentRss>
		<wfw:comment><![CDATA[http://www.forgetfoo.com/?p=2&blogid=4215#comments]]></wfw:comment> 
		<category><![CDATA[CSS]]></category>
  </item>
  
	<item>
		<title><![CDATA[Fake Horse Vagina]]></title>
		<link><![CDATA[http://www.forgetfoo.com/?p=2&blogid=4214]]></link>
	    <description><![CDATA[there's something really disturbing &amp;mdash; yet oddly funny &amp;mdash; about this, but i just cant seem to put my arm in it.... hmmmmmmmm.<p align="center">*** Flash FooVid Included Here ***</p>]]></description> <pubDate>Mon, 25 Jul 2005 09:11:00 EST</pubDate> 
		<comments><![CDATA[http://www.forgetfoo.com/?p=2&blogid=4214#comments]]></comments>
		<wfw:commentRss><![CDATA[http://www.forgetfoo.com/rss/comments/?blogid=4214]]></wfw:commentRss>
		<wfw:comment><![CDATA[http://www.forgetfoo.com/?p=2&blogid=4214#comments]]></wfw:comment> 
		<category><![CDATA[Video]]></category>
  </item>
  
	<item>
		<title><![CDATA[Muslim Sympathizers]]></title>
		<link><![CDATA[http://www.forgetfoo.com/?p=2&blogid=4213]]></link>
	    <description><![CDATA[<a href="http://www.telegraph.co.uk/news/main.jhtml?xml=/news/2005/07/23/npoll23.xml&amp;amp;sSheet=/news/2005/07/23/ixnewstop.html" title="One in four Muslims sympathises with motives of terrorists" target="_blank" class="bold">One in four Muslims sympathises with motives of terrorists</a><blockquote>The group portrait of British Muslims painted by YouGov's survey for The Daily Telegraph is at once reassuring and disturbing, in some ways even alarming.<br /><br />The vast majority of British Muslims condemn the London bombings but a substantial minority are clearly alienated from modern British society and some are prepared to justify terrorist acts.<br /><br />The divisions within the Muslim community go deep. Muslims are divided over the morality of the London bombings, over the extent of their loyalty to this country and over how Muslims should respond to recent events.<br /><br />Most Muslims are evidently moderate and law-abiding but by no means all are.<br /><br />YouGov sought to gauge the character of the Muslim community's response to the events of July 7. As the figures in the chart show, 88 per cent of British Muslims clearly have no intention of trying to justify the bus and Tube murders.<br /><br />However, six per cent insist that the bombings were, on the contrary, fully justified.<br /><br />Six per cent may seem a small proportion but in absolute numbers it amounts to about 100,000 individuals who, if not prepared to carry out terrorist acts, are ready to support those who do.</blockquote><p>people have been saying and writing about this for years now, but it's still pretty scary to read it again... esp. from over in the UK, where terrorists seem to be homegrown and british citizens <img src="http://www.forgetfoo.com/images/emo/emo-oh.gif" width="18" height="18" border="0" align="bottom" alt="Ohhh" style="margin:0 5px" /></p><p><strong>in other news...</strong></p><ul><li><a href="http://news.yahoo.com/s/ap/20050725/ap_on_re_eu/britain_bombings;_ylt=Akt8voIP8I7SabyEaDe8Ek2s0NUE;_ylu=X3oDMTA3b2NibDltBHNlYwM3MTY-" title="Police Hold Three in Failed London Attack" target="_blank">Police Hold Three in Failed London Attack</a></li><li><a href="http://news.yahoo.com/s/ap/20050725/ap_on_re_mi_ea/egypt_resort_attack;_ylt=AgKNSHsf4kSJHFBjeX6Q3XOs0NUE;_ylu=X3oDMTA2Z2szazkxBHNlYwN0bQ--" title="Police Seek 6 Pakistanis in Egypt Attack" target="_blank">Police Seek 6 Pakistanis in Egypt Attack</a></li></ul>]]></description> <pubDate>Mon, 25 Jul 2005 07:53:00 EST</pubDate> 
		<comments><![CDATA[http://www.forgetfoo.com/?p=2&blogid=4213#comments]]></comments>
		<wfw:commentRss><![CDATA[http://www.forgetfoo.com/rss/comments/?blogid=4213]]></wfw:commentRss>
		<wfw:comment><![CDATA[http://www.forgetfoo.com/?p=2&blogid=4213#comments]]></wfw:comment> 
		<category><![CDATA[News]]></category>
  </item>
  
	<item>
		<title><![CDATA[Top 10 Web Fads]]></title>
		<link><![CDATA[http://www.forgetfoo.com/?p=2&blogid=4212]]></link>
	    <description><![CDATA[pretty funny to look over these <a href="http://www.cnet.com/4520-11136_1-6268155-1.html?tag=more" title="Top 10 Web Fads" target="_blank" class="bold">top 10 web fads</a>, since i remember each one quite well <img src="http://www.forgetfoo.com/images/emo/emo-smile.gif" width="18" height="18" border="0" align="bottom" alt="Smile" style="margin:0 5px" /><blockquote>Internet phenomena. Memes. Grist for the e-mail forwarding mill. Whatever you call them, Web fads are entertaining, unintended consequences of life on the World Wide Web. Once the masses could put anything online easily, they turned up weird fetishes, hilarious parody, jaw-dropping narcissism, and moments of brilliance. And over the past 10 years, some of these ideas broke through to the mainstream. Whether it was dancing hamsters, a kid enjoying his day as a Jedi Knight, or the sudden ability to publish your thoughts online with just a few simple clicks, the following 10 Web fads still make us laugh, make us wonder, or make us feel guilty enough to update our blogs.<br /><br /><img src="http://www.forgetfoo.com/images/blog/hamsterdance_200.gif" width="200" height="150" border="0" alt="Hamster Dance" align="right" class="pic" />Sometimes a fad is so popular it doesn't have to be spelled right. Such is the case with Hampsterdance (sic), created in 1998 by Deidre LaCarte as an homage to her pet hamster, Hampton (and, rumor has it, a traffic-getting contest with a friend). The music? "Whistle Stop" by Roger Miller. The result? A CD-spawning, still-kicking Web fad that transcended geekiness--in fact, many of us at CNET can remember receiving "Have you seen this!!!???" e-mail from, like, our parents. Wow, dude.</blockquote><p>funny, but i'm not sure i remember the Hamsterdance... do you?</p>]]></description> <pubDate>Mon, 25 Jul 2005 07:48:00 EST</pubDate> 
		<comments><![CDATA[http://www.forgetfoo.com/?p=2&blogid=4212#comments]]></comments>
		<wfw:commentRss><![CDATA[http://www.forgetfoo.com/rss/comments/?blogid=4212]]></wfw:commentRss>
		<wfw:comment><![CDATA[http://www.forgetfoo.com/?p=2&blogid=4212#comments]]></wfw:comment> 
		<category><![CDATA[Online/Web]]></category>
  </item>
  
	<item>
		<title><![CDATA[Potter Crash]]></title>
		<link><![CDATA[http://www.forgetfoo.com/?p=2&blogid=4211]]></link>
	    <description><![CDATA[if you havent already picked up your copy of the lastest <em>Harry Potter</em> book and read it in 3 hours flat, then you might not wanna watch this vid of some guys drive'n by a bookstore and shout'n out the spoiler <img src="http://www.forgetfoo.com/images/emo/emo-wink.gif" width="18" height="18" border="0" align="bottom" alt="Wink" style="margin:0 5px" /><p align="center">*** Flash FooVid Included Here ***</p><p>(hat tip: <a href="http://www.biggestapple.net/" title="Biggest Apple" target="_blank">bigA</a>)</p><p><strong>p.s.</strong> shit, just realized i need to update the background graphic on the vid player for the "dark" design.</p><p><strong>p.p.s.</strong> think i should roll the "dark" design, even if only the blog is being pulled on the page? *curious*</p>]]></description> <pubDate>Sun, 24 Jul 2005 20:45:00 EST</pubDate> 
		<comments><![CDATA[http://www.forgetfoo.com/?p=2&blogid=4211#comments]]></comments>
		<wfw:commentRss><![CDATA[http://www.forgetfoo.com/rss/comments/?blogid=4211]]></wfw:commentRss>
		<wfw:comment><![CDATA[http://www.forgetfoo.com/?p=2&blogid=4211#comments]]></wfw:comment> 
		<category><![CDATA[Video]]></category>
  </item>
  
	<item>
		<title><![CDATA[Babe vs. Babe]]></title>
		<link><![CDATA[http://www.forgetfoo.com/?p=2&blogid=4210]]></link>
	    <description><![CDATA[this round should probably be called <em>Ass vs. Ass</em>, since that's where my eyeballs are at on these two hotties, that's for damn sure &amp;mdash; you know the rules <img src="http://www.forgetfoo.com/images/emo/emo-wink.gif" width="18" height="18" border="0" align="bottom" alt="Wink" style="margin:0 5px" /><p align="center"><img src="http://www.forgetfoo.com/images/blog/babe_17_1.jpg" width="220" height="333" border="0" alt="Babe (1)" class="pic" /><img src="http://www.forgetfoo.com/images/blog/babe_17_2.jpg" width="220" height="333" border="0" alt="Babe (2)" class="pic" /></p><p><strong>p.s.</strong> here's a cute latina with some <a href="http://people.freenet.de/ggnet2/Hegre/Keity_blue_and_yellow/" title="Keity (in blue/yellow)" target="_blank">camel toe action</a> going on... *g*</p>]]></description> <pubDate>Sun, 24 Jul 2005 10:44:00 EST</pubDate> 
		<comments><![CDATA[http://www.forgetfoo.com/?p=2&blogid=4210#comments]]></comments>
		<wfw:commentRss><![CDATA[http://www.forgetfoo.com/rss/comments/?blogid=4210]]></wfw:commentRss>
		<wfw:comment><![CDATA[http://www.forgetfoo.com/?p=2&blogid=4210#comments]]></wfw:comment> 
		<category><![CDATA[Babe vs. Babe]]></category>
  </item>
  
	<item>
		<title><![CDATA[Dark FooDesign, Part 4]]></title>
		<link><![CDATA[http://www.forgetfoo.com/?p=2&blogid=4209]]></link>
	    <description><![CDATA[i've got the main portion of my FooBlog code working under this design, and have added a Search feature to the top of the sidebar... went back to using the <em>LiveSearch</em> code, and was surprised to remember how neat it was... seems to work really well here, and it's kewl to pull it up and search for things... must've searched on a dozen things, just to see it. *chuckles*<p align="center"><img src="http://www.forgetfoo.com/images/blog/foo-des-1021.jpg" width="500" height="109" border="0" alt="Added search feature to the sidebar in this design..." class="pic" /></p><p>this design seems to work best under IE, that's for sure... the <code>background-image</code> seems to flicker and re-render itself when scrolling down the page under Firefox when i have a wallpaper image applied with <code>background-attachment: fixed</code> in my stylesheets &amp;mdash; something i find as kinda odd, and not sure what to do about that... the scrollbar on the right also seems to disappear in FF <img src="http://www.forgetfoo.com/images/emo/emo-oh.gif" width="18" height="18" border="0" align="bottom" alt="Ohhh" style="margin:0 5px" /></p><p>i've spent hours on this f0cker, and it seems more like a damn "application" of a sort than anything else, at least in my humble opinion... that's kewl, but damned if there's not alot of things going on to get it all jive'n together... all the pieces of the puzzle, etc.</p><p>got the "ajax" comment posting componet working (finally), but having some issues with selecting the "view comments" link after the posting action... kinda scratching my head on that one at the moment... *ugh*</p>]]></description> <pubDate>Sun, 24 Jul 2005 10:35:00 EST</pubDate> 
		<comments><![CDATA[http://www.forgetfoo.com/?p=2&blogid=4209#comments]]></comments>
		<wfw:commentRss><![CDATA[http://www.forgetfoo.com/rss/comments/?blogid=4209]]></wfw:commentRss>
		<wfw:comment><![CDATA[http://www.forgetfoo.com/?p=2&blogid=4209#comments]]></wfw:comment> 
		<category><![CDATA[Web Design]]></category>
  </item>
  
</channel>
</rss>