<?xml version="1.0" encoding="iso-8859-1" ?>
<rss version="2.0">
<channel>
<title>Yahoo! News: Top Stories</title>
<copyright>Copyright (c) 2005 Yahoo! Inc. All rights reserved.</copyright>
<link>http://news.yahoo.com/i/716</link>
<description>Top Stories</description>
<language>en-us</language> 
<lastBuildDate>Mon, 25 Jul 2005 17:41:54 GMT</lastBuildDate>
<ttl>5</ttl> 
<image>
<title>Yahoo! News</title>
<width>142</width>
<height>18</height>
<link>http://news.yahoo.com/</link>
<url>http://us.i1.yimg.com/us.yimg.com/i/us/nws/th/main_142b.gif</url>
</image>
<item>
<title>British Police Name Two Bombing Suspects (AP)</title>
 <link>http://us.rd.yahoo.com/dailynews/rss/topstories/*http://news.yahoo.com/news?tmpl=story&amp;u=/ap/20050725/ap_on_re_eu/britain_bombings</link>
 <guid isPermaLink="false">ap/20050725/britain_bombings</guid>
<pubDate>Mon, 25 Jul 2005 16:46:31 GMT</pubDate>
<description>AP - Police on Monday released the names of two of the four men suspected of taking part in the failed July 21 bombings and said a fifth device similar to others used in the botched attacks was found in a west London park.</description>
</item>
<item>
<title>5 Pakistanis Sought in Egypt Terror Probe (AP)</title>
 <link>http://us.rd.yahoo.com/dailynews/rss/topstories/*http://news.yahoo.com/news?tmpl=story&amp;u=/ap/20050725/ap_on_re_mi_ea/egypt_resort_attack</link>
 <guid isPermaLink="false">ap/20050725/egypt_resort_attack</guid>
<pubDate>Mon, 25 Jul 2005 17:41:54 GMT</pubDate>
<description>AP - Police said Monday they were searching for five Pakistani men in their widening investigation into Egypt&#039;s deadliest terror attack, which killed scores of people, including an American, at this Red Sea resort.</description>
</item>
<item>
<title>Triple-Digit Temperatures Scorch Midwest (AP)</title>
 <link>http://us.rd.yahoo.com/dailynews/rss/topstories/*http://news.yahoo.com/news?tmpl=story&amp;u=/ap/20050725/ap_on_re_us/midwest_heat_wave</link>
 <guid isPermaLink="false">ap/20050725/midwest_heat_wave</guid>
<pubDate>Mon, 25 Jul 2005 13:50:50 GMT</pubDate>
<description>AP - Skyrocketing temperatures surpassed the 100-degree mark here for the first time in six years, prompting Chicago officials to implement an emergency response plan developed after hundreds of people died in a heat wave a decade ago.</description>
</item>
<item>
<title>Guardsman Pleads Guilty in Iraqi Death (AP)</title>
 <link>http://us.rd.yahoo.com/dailynews/rss/topstories/*http://news.yahoo.com/news?tmpl=story&amp;u=/ap/20050725/ap_on_re_us/guardsman_charged</link>
 <guid isPermaLink="false">ap/20050725/guardsman_charged</guid>
<pubDate>Mon, 25 Jul 2005 15:03:31 GMT</pubDate>
<description>AP - An Indiana national guardsman pleaded guilty Monday to negligent homicide in the death of an Iraqi police officer, a crime he was accused of attempting to cover up by shooting himself in the stomach.</description>
</item>
<item>
<title>London Attack Suspect Is Also Sought by U.S. (Los Angeles Times)</title>
 <link>http://us.rd.yahoo.com/dailynews/rss/topstories/*http://news.yahoo.com/news?tmpl=story&amp;u=/latimests/londonattacksuspectisalsosoughtbyus</link>
 <guid isPermaLink="false">latimests/20050725/londonattacksuspectisalsosoughtbyus</guid>
<pubDate>Mon, 25 Jul 2005 11:55:48 GMT</pubDate>
<description>Los Angeles Times - WASHINGTON &amp;#8212; A key suspect in the July 7 transit bombings in London has long been wanted by U.S. authorities for prosecution in this country, particularly after federal officials developed evidence three years ago that he was trying to help establish a terrorist training camp on the West Coast to wage war against Americans.</description>
</item>
<item>
<title>AFL-CIO President Blasts Heads of Unions (AP)</title>
 <link>http://us.rd.yahoo.com/dailynews/rss/topstories/*http://news.yahoo.com/news?tmpl=story&amp;u=/ap/20050725/ap_on_bi_ge/labor_rift</link>
 <guid isPermaLink="false">ap/20050725/labor_rift</guid>
<pubDate>Mon, 25 Jul 2005 17:26:37 GMT</pubDate>
<description>AP - AFL-CIO President John Sweeney, anticipating plans by the Teamsters and the service-workers affiliate he used to head to bolt, charged Monday that such a move would be a &quot;grievous insult&quot; to working people and their unions.</description>
</item>
<item>
<title>Jane Fonda to Oppose Iraq War on Bus Tour (AP)</title>
 <link>http://us.rd.yahoo.com/dailynews/rss/topstories/*http://news.yahoo.com/news?tmpl=story&amp;u=/ap/20050725/ap_on_en_mo/people_fonda</link>
 <guid isPermaLink="false">ap/20050725/people_fonda</guid>
<pubDate>Mon, 25 Jul 2005 13:04:01 GMT</pubDate>
<description>AP - Actress and activist Jane Fonda says she intends to take a cross-country bus tour to call for an end to U.S. military operations in Iraq.</description>
</item>
<item>
<title>Green Day, Gwen, Missy Lead VMA Nods (AP)</title>
 <link>http://us.rd.yahoo.com/dailynews/rss/topstories/*http://news.yahoo.com/news?tmpl=story&amp;u=/ap/20050725/ap_on_en_tv/mtv_awards</link>
 <guid isPermaLink="false">ap/20050725/mtv_awards</guid>
<pubDate>Mon, 25 Jul 2005 17:58:38 GMT</pubDate>
<description>AP - Punk rockers Green Day, Gwen Stefani and Missy Elliott led all nominees for the MTV Video Music Awards, the music channel announced Monday.</description>
</item>
<item>
<title>Japan Plans World&#039;s Fastest Computer (AP)</title>
 <link>http://us.rd.yahoo.com/dailynews/rss/topstories/*http://news.yahoo.com/news?tmpl=story&amp;u=/ap/20050725/ap_on_hi_te/japan_supercomputer</link>
 <guid isPermaLink="false">ap/20050725/japan_supercomputer</guid>
<pubDate>Mon, 25 Jul 2005 14:47:14 GMT</pubDate>
<description>AP - Japan has plans to start building a supercomputer next year that can operate 73 times faster than the world&#039;s fastest supercomputer, the government said Monday.</description>
</item>
<item>
<title>Woods, Daly Star in &#039;Monday Night Golf&#039; (AP)</title>
 <link>http://us.rd.yahoo.com/dailynews/rss/topstories/*http://news.yahoo.com/news?tmpl=story&amp;u=/ap/20050725/ap_on_sp_go_ne/glf_battle_at_the_bridges</link>
 <guid isPermaLink="false">ap/20050725/glf_battle_at_the_bridges</guid>
<pubDate>Mon, 25 Jul 2005 16:39:20 GMT</pubDate>
<description>AP - Tiger Woods is going from the Swilcan Bridge to the &quot;Battle at The Bridges,&quot; from golf&#039;s most traditional tournament to the ultimate hit-and-giggle.</description>
</item>
<item>
<title>British police name two suspects in bombing probe (Reuters)</title>
 <link>http://us.rd.yahoo.com/dailynews/rss/topstories/*http://news.yahoo.com/news?tmpl=story&amp;u=/nm/20050725/ts_nm/security_britain_dc</link>
 <guid isPermaLink="false">nm/20050725/security_britain_dc</guid>
<pubDate>Mon, 25 Jul 2005 16:53:16 GMT</pubDate>
<description>Reuters - British police on Monday named two
suspects wanted for trying to set off bombs across London&#039;s
transport network last week as they scrambled to track down the
attackers and stop them striking again.</description>
</item>
<item>
<title>North Korea crisis talks to enter fourth round (Reuters)</title>
 <link>http://us.rd.yahoo.com/dailynews/rss/topstories/*http://news.yahoo.com/news?tmpl=story&amp;u=/nm/20050725/ts_nm/korea_north_talks_dc</link>
 <guid isPermaLink="false">nm/20050725/korea_north_talks_dc</guid>
<pubDate>Mon, 25 Jul 2005 16:10:44 GMT</pubDate>
<description>Reuters - Six-party talks aimed at ending a
three-year crisis over North Korea&#039;s nuclear ambitions resume
on an optimistic note on Tuesday but few expect a breakthrough.</description>
</item>
<item>
<title>Egyptian police fight battles as blast probe widens (Reuters)</title>
 <link>http://us.rd.yahoo.com/dailynews/rss/topstories/*http://news.yahoo.com/news?tmpl=story&amp;u=/nm/20050725/ts_nm/egypt_explosions_dc</link>
 <guid isPermaLink="false">nm/20050725/egypt_explosions_dc</guid>
<pubDate>Mon, 25 Jul 2005 16:56:32 GMT</pubDate>
<description>Reuters - Egyptian police fought
gunbattles in desert mountains near the Red Sea resort of Sharm
el-Sheikh on Monday in a hunt for militants who killed at least
64 people in a bomb attack.</description>
</item>
<item>
<title>Iraq Sunnis to rejoin constitution talks (Reuters)</title>
 <link>http://us.rd.yahoo.com/dailynews/rss/topstories/*http://news.yahoo.com/news?tmpl=story&amp;u=/nm/20050725/ts_nm/iraq_dc</link>
 <guid isPermaLink="false">nm/20050725/iraq_dc</guid>
<pubDate>Mon, 25 Jul 2005 15:00:58 GMT</pubDate>
<description>Reuters - Sunni Arabs said on Monday they would
rejoin talks to hammer out a new constitution for Iraq, in the
hope of rescuing a political process that has been severely
strained by unrelenting bloodshed.</description>
</item>
<item>
<title>U.S. soldier among 13 killed in Afghan violence (Reuters)</title>
 <link>http://us.rd.yahoo.com/dailynews/rss/topstories/*http://news.yahoo.com/news?tmpl=story&amp;u=/nm/20050725/ts_nm/afghan_dc</link>
 <guid isPermaLink="false">nm/20050725/afghan_dc</guid>
<pubDate>Mon, 25 Jul 2005 14:23:54 GMT</pubDate>
<description>Reuters - Fresh violence ahead of September
elections rocked Afghanistan on Monday after fugitive Taliban
leader Mullah Mohammad Omar called on supporters to unite in
their war on the government and U.S.-led foreign forces.</description>
</item>
<item>
<title>D.C. Area Housing Market Cools Off (washingtonpost.com)</title>
 <link>http://us.rd.yahoo.com/dailynews/rss/topstories/*http://news.yahoo.com/news?tmpl=story&amp;u=/washpost/20050725/ts_washpost/d_c__area_housing_market_cools_off</link>
 <guid isPermaLink="false">washpost/20050725/d_c__area_housing_market_cools_off</guid>
<pubDate>Mon, 25 Jul 2005 05:00:00 GMT</pubDate>
<description>washingtonpost.com - Washington area temperatures may be sizzling, but the once-torrid real estate market seems to be cooling off as houses stay on the market longer and the number of homes for sale rises.</description>
</item>
<item>
<title>British Pursue Link Between 2 Sets of Bombers (washingtonpost.com)</title>
 <link>http://us.rd.yahoo.com/dailynews/rss/topstories/*http://news.yahoo.com/news?tmpl=story&amp;u=/washpost/20050725/ts_washpost/british_pursue_link_between_2_sets_of_bombers</link>
 <guid isPermaLink="false">washpost/20050725/british_pursue_link_between_2_sets_of_bombers</guid>
<pubDate>Mon, 25 Jul 2005 05:00:00 GMT</pubDate>
<description>washingtonpost.com - LONDON, July 24 -- Investigators hunting four fugitives wanted for the abortive bombing of the city&#039;s transit system last week have linked them to the four presumed suicide bombers who killed 52 bystanders and wounded 700 others two weeks earlier, a British official said Sunday.</description>
</item>
<item>
<title>On a Calm Night, Suddenly, &#039;Everybody Was Running&#039; (washingtonpost.com)</title>
 <link>http://us.rd.yahoo.com/dailynews/rss/topstories/*http://news.yahoo.com/news?tmpl=story&amp;u=/washpost/20050724/ts_washpost/on_a_calm_night__suddenly___everybody_was_running_</link>
 <guid isPermaLink="false">washpost/20050724/on_a_calm_night__suddenly___everybody_was_running_</guid>
<pubDate>Sun, 24 Jul 2005 05:00:00 GMT</pubDate>
<description>washingtonpost.com - SHARM EL-SHEIKH, Egypt, July 23 -- It was a little after 1 a.m. when the sweltering summer day finally gave way to a breezy desert night, and the merchants of Egypt&#039;s premier Red Sea resort wrapped up business and headed for festive, 24-hour cafes.</description>
</item>
<item>
<title>Al Qaeda Leaders Seen in Control (washingtonpost.com)</title>
 <link>http://us.rd.yahoo.com/dailynews/rss/topstories/*http://news.yahoo.com/news?tmpl=story&amp;u=/washpost/20050724/ts_washpost/al_qaeda_leaders_seen_in_control</link>
 <guid isPermaLink="false">washpost/20050724/al_qaeda_leaders_seen_in_control</guid>
<pubDate>Sun, 24 Jul 2005 05:00:00 GMT</pubDate>
<description>washingtonpost.com - LONDON, July 23 -- The back-to-back nature of the deadly attacks in Egypt and London, as well as similarities in the methods used, suggests that the al Qaeda leadership may have given the orders for both operations and is a clear sign that Osama bin Laden and his deputies remain in control of the network, according to interviews with counterterrorism analysts and government officials in Europe and the Middle East.</description>
</item>
<item>
<title>British  Police  Kill Man On Train (washingtonpost.com)</title>
 <link>http://us.rd.yahoo.com/dailynews/rss/topstories/*http://news.yahoo.com/news?tmpl=story&amp;u=/washpost/20050723/ts_washpost/british_police_kill_man_on_train</link>
 <guid isPermaLink="false">washpost/20050723/british_police_kill_man_on_train</guid>
<pubDate>Sat, 23 Jul 2005 05:00:00 GMT</pubDate>
<description>washingtonpost.com - LONDON, July 22 -- Plainclothes police chased a South Asian man into a crowded subway car Friday morning and shot him dead in front of terrified passengers, as the hunt intensified for four suspects believed to have carried out abortive bomb attacks on the transit system the day before.</description>
</item>
</channel>
</rss>
<!-- server p202.news.mud.yahoo.com -->