<project name="YUI Test" default="js.deploy">

    <!-- the directories containing the source files -->
    <property name="src.dir" value="./dev/src" />
    <property name="js.src.dir" value="${src.dir}/js" />
    
    <!-- the directories and files to output to -->
    <property name="build.dir" value="./build" />
    <property name="js.build.dir" value="${build.dir}/js" />
    <property name="js.build.file" value="yuitest.js" /> 

    <!-- target to deploy JS files -->
    <target name="js.deploy">
        <ftp server="ftp.yourserver.com"
            remotedir="/_demo"
            userid="your_username"
            password="your_password"
            depends="yes"
            verbose="yes"
            binary="no">
            <fileset dir="${js.build.dir}" includes="${js.build.file}"/>
        </ftp>                
    </target>

</project>
