<project name="YUI Test" default="js.compress">

    <!-- the directories containing the source files -->
    <property name="src.dir" value="./dev/src" />
    <property name="js.src.dir" value="${src.dir}/js" />
    
    <!-- the directories and files to output to -->
    <property name="build.dir" value="./build" />
    <property name="js.build.dir" value="${build.dir}/js" />
    <property name="js.build.file" value="yuitest.js" />
    
    <!-- the location of the YUI compressor jar file -->
    <property name="yuicompressor.jar" value="c:/java/yuicompressor/yuicompressor-2.3.5.jar" />    

    <!-- Target to compress output file -->
    <!-- Credit: Julien Lecomte, http://www.julienlecomte.net/blog/2007/09/16/ -->
    <target name="js.compress">
        <apply executable="java" parallel="false" failonerror="true">
            <filelist dir="${js.build.dir}" files="${js.build.file}"/>
            <arg line="-jar"/>
            <arg path="${yuicompressor.jar}"/>
            <arg line="-o ${js.build.dir}/${js.build.file}"/>
            <srcfile/>
        </apply>
    </target>

</project>
