<project name="YUI Test" default="js.combine">

    <!-- the directories containing the source files -->
    <property name="src.dir" value="./dev/src" />
    <property name="js.src.dir" value="${src.dir}/js" />
    
    <!-- the directories and files to output to -->
    <property name="build.dir" value="./build" />
    <property name="js.build.dir" value="${build.dir}/js" />
    <property name="js.build.file" value="yuitest.js" />
    
    <!-- the location of the YUI Combiner jar file -->
    <property name="yuicombiner.jar" value="c:/java/yuicombiner/yuicombiner-0.0.1.jar" />
    
    <!-- Target to concatenate all JS files -->
    <target name="js.combine">
        <apply executable="java" parallel="true" failonerror="true">
            <fileset dir="${js.src.dir}" includes="*.js"/>
            <arg line="-jar"/>
            <arg path="${yuicombiner.jar}"/>
            <arg line="-o ${js.build.dir}/${js.build.file}"/>
            <srcfile/>
        </apply>    
    </target>

</project>
