<project name="YUI Test" default="js.concat">

    <!-- the directories containing the source files -->
    <property name="src.dir" value="./dev/src" />
    <property name="js.src.dir" value="${src.dir}/js" />
    
    <!-- the directories and files to output to -->
    <property name="build.dir" value="./build" />
    <property name="js.build.dir" value="${build.dir}/js" />
    <property name="js.build.file" value="yuitest.js" />
    
    <!-- Target to concatenate all JS files -->
    <target name="js.concat">
        <concat destfile="${js.build.dir}/${js.build.file}">
            <fileset dir="${js.src.dir}" includes="*.js"/>
        </concat>
    </target>

</project>
