<project name="File Compress">
    
    <!-- the location of the YUI compressor jar file -->
    <property name="yuicompressor.jar" value="c:/java/yuicompressor/yuicompressor-2.3.5.jar" />
    
    <!-- macro to combine files -->
    <macrodef name="compress">
        <attribute name="output" />
        <attribute name="args" default=""/>
        <element name="compress-files"/>
        <sequential>
            <echo>Compressing to @{output}.</echo>
            <apply executable="java" parallel="false">
                <compress-files/>
                <arg line="-jar"/>
                <arg path="${yuicompressor.jar}"/>
                <arg line="@{args} -o @{output}"/>
                <srcfile/>
            </apply>            
        </sequential>    
    </macrodef>
    
</project>
