<project name="JSLint">
    
    <!-- the location of the rhino jar file -->
    <property name="rhino.jar" value="c:/java/rhino/rhino-1.6R7.jar" />
    
    <!-- the location of the jslint file -->
    <property name="jslint.js" value="c:/java/rhino/jslint.js" />  

    <!-- macro to validate files -->
    <macrodef name="jslint">
        <element name="jslint-files"/>
        <sequential>
            <apply executable="java" parallel="false" failonerror="true">
                <jslint-files/>
                <arg line="-jar"/>
                <arg path="${rhino.jar}"/>
                <arg path="${jslint.js}" />
                <srcfile/>
            </apply>            
        </sequential>    
    </macrodef>

</project>
