<project name="File Combine">
    
    <!-- the location of the YUI Combiner jar file -->
    <property name="yuicombiner.jar" value="c:/java/yuicombiner/yuicombiner-0.0.1.jar" />
    
    <!-- macro to combine files -->
    <macrodef name="combine">
        <attribute name="output" />
        <attribute name="args" default=""/>
        <element name="combine-files" />
        <sequential>
            <echo>Combining to @{output}.</echo>
            <apply executable="java" parallel="true" failonerror="true">
                <combine-files/>
                <arg line="-jar"/>
                <arg path="${yuicombiner.jar}"/>
                <arg line="@{args} -o @{output}"/>
                <srcfile/>
            </apply>            
        </sequential>    
    </macrodef>
    

</project>
