<?xml version="1.0" encoding="iso-8859-1" ?>
<rss version="2.0" xmlns:media="http://search.yahoo.com/mrss/">
<channel>
<title>Yahoo! News: Top Stories</title>
<copyright>Copyright (c) 2006 Yahoo! Inc. All rights reserved.</copyright>
<link>http://news.yahoo.com/i/716</link>
<description>Top Stories</description>
<language>en-us</language> 
<lastBuildDate>Fri, 01 Dec 2006 01:03:59 GMT</lastBuildDate>
<ttl>5</ttl> 
<image>
<title>Yahoo! News</title>
<width>142</width>
<height>18</height>
<link>http://news.yahoo.com/i/716</link>
<url>http://us.i1.yimg.com/us.yimg.com/i/us/nws/th/main_142b.gif</url>
</image>
<item>
<title>Al-Maliki faces revolt within government 
    (AP)
</title>
 <link>http://us.rd.yahoo.com/dailynews/rss/topstories/*http://news.yahoo.com/s/ap/20061201/ap_on_re_mi_ea/iraq</link>
 <guid isPermaLink="false">ap/20061201/iraq</guid>
<pubDate>Fri, 01 Dec 2006 00:43:39 GMT</pubDate>
<description>&#60;p>&#60;a href="http://us.rd.yahoo.com/dailynews/rss/topstories/*http://news.yahoo.com/s/ap/20061201/ap_on_re_mi_ea/iraq">&#60;img src="http://d.yimg.com/us.yimg.com/p/afp/20061130/capt.sge.qtn78.301106104027.photo00.photo.default-512x353.jpg?x=130&amp;y=89&amp;sig=.79V6PT1cgeEIFFO9QtKaw--" align="left" height="89" width="130" alt="US President George W. Bush speaks during a joing press conference with Iraqi Prime Minister Nouri Maliki (L). Bush has praised Maliki as the &amp;quot;right guy&amp;quot; for the job and vowed US forces would stay on &amp;quot;to get the job done&amp;quot;.(AFP/Mandel Ngan)" border="0" />&#60;/a>AP - Iraqi Prime Minister Nouri al-Maliki faced a widening revolt within his divided government as two senior Sunni politicians joined prominent Shiite lawmakers and Cabinet members in criticizing his policies.&#60;/p>&#60;br clear="all"/></description>
<media:content url="http://d.yimg.com/us.yimg.com/p/afp/20061130/capt.sge.qtn78.301106104027.photo00.photo.default-512x353.jpg?x=130&amp;y=89&amp;sig=.79V6PT1cgeEIFFO9QtKaw--" type="image/jpeg" height="89" width="130"/>
<media:text type="html">&#60;p>&#60;a href="http://us.rd.yahoo.com/dailynews/rss/topstories/*http://news.yahoo.com/s/ap/20061201/ap_on_re_mi_ea/iraq">&#60;img src="http://d.yimg.com/us.yimg.com/p/afp/20061130/capt.sge.qtn78.301106104027.photo00.photo.default-512x353.jpg?x=130&amp;y=89&amp;sig=.79V6PT1cgeEIFFO9QtKaw--" align="left" height="89" width="130" alt="photo" title="US President George W. Bush speaks during a joing press conference with Iraqi Prime Minister Nouri Maliki (L). Bush has praised Maliki as the &amp;quot;right guy&amp;quot; for the job and vowed US forces would stay on &amp;quot;to get the job done&amp;quot;.(AFP/Mandel Ngan)" border="0"/>&#60;/a>&#60;/p>&#60;br clear="all"/></media:text>
<media:credit role="publishing company">(AP)</media:credit>

</item>
<item>
<title>AP: Feds rate travelers for terrorism 
    (AP)
</title>
 <link>http://us.rd.yahoo.com/dailynews/rss/topstories/*http://news.yahoo.com/s/ap/20061201/ap_on_go_ca_st_pe/traveler_screening</link>
 <guid isPermaLink="false">ap/20061201/traveler_screening</guid>
<pubDate>Fri, 01 Dec 2006 00:39:59 GMT</pubDate>
<description>&#60;p>&#60;a href="http://us.rd.yahoo.com/dailynews/rss/topstories/*http://news.yahoo.com/s/ap/20061201/ap_on_go_ca_st_pe/traveler_screening">&#60;img src="http://d.yimg.com/us.yimg.com/p/ap/20061130/capt.b504adf4133d49f6a86945f632493030.traveler_screening_wx104.jpg?x=94&amp;y=130&amp;sig=3u9HIU1InDbXAFswlwuUug--" align="left" height="130" width="94" alt="Airline passengers wait in line for security screening at Denver International Airport in Denver in this Aug. 13, 2006 file photo.  For the last four years without public notice, federal agents have assigned millions of Americans and other travelers computer-generated scores assessing the risk they pose of being terrorists or criminals.  (AP Photo/Jack Dempsey, File)" border="0" />&#60;/a>AP - Without notifying the public, federal agents for the past four years have assigned millions of international travelers, including Americans, computer-generated scores rating the risk they pose of being terrorists or criminals.&#60;/p>&#60;br clear="all"/></description>
<media:content url="http://d.yimg.com/us.yimg.com/p/ap/20061130/capt.b504adf4133d49f6a86945f632493030.traveler_screening_wx104.jpg?x=94&amp;y=130&amp;sig=3u9HIU1InDbXAFswlwuUug--" type="image/jpeg" height="130" width="94"/>
<media:text type="html">&#60;p>&#60;a href="http://us.rd.yahoo.com/dailynews/rss/topstories/*http://news.yahoo.com/s/ap/20061201/ap_on_go_ca_st_pe/traveler_screening">&#60;img src="http://d.yimg.com/us.yimg.com/p/ap/20061130/capt.b504adf4133d49f6a86945f632493030.traveler_screening_wx104.jpg?x=94&amp;y=130&amp;sig=3u9HIU1InDbXAFswlwuUug--" align="left" height="130" width="94" alt="photo" title="Airline passengers wait in line for security screening at Denver International Airport in Denver in this Aug. 13, 2006 file photo.  For the last four years without public notice, federal agents have assigned millions of Americans and other travelers computer-generated scores assessing the risk they pose of being terrorists or criminals.  (AP Photo/Jack Dempsey, File)" border="0"/>&#60;/a>&#60;/p>&#60;br clear="all"/></media:text>
<media:credit role="publishing company">(AP)</media:credit>

</item>
<item>
<title>Panel to urge troops pullback in Iraq 
    (AP)
</title>
 <link>http://us.rd.yahoo.com/dailynews/rss/topstories/*http://news.yahoo.com/s/ap/20061201/ap_on_go_ot/us_iraq</link>
 <guid isPermaLink="false">ap/20061201/us_iraq</guid>
<pubDate>Fri, 01 Dec 2006 01:03:59 GMT</pubDate>
<description>&#60;p>&#60;a href="http://us.rd.yahoo.com/dailynews/rss/topstories/*http://news.yahoo.com/s/ap/20061201/ap_on_go_ot/us_iraq">&#60;img src="http://d.yimg.com/us.yimg.com/p/ap/20061129/capt.7e3a9028eaf545c2a986be1a25164a35.us_iraq_dcgh102.jpg?x=130&amp;y=124&amp;sig=0ByCaQdsmxro3hkGJOadPQ--" align="left" height="124" width="130" alt="Lee Hamilton, co-chair of the Iraq Study group and vice-chair of the 9/11 Commission, and former Democratic leader in the Senate Tom Daschle, right,  talk about the current state of homeland security and other issues during an internet webcast at the Center for American Progress in Washington, Wednesday, Nov. 29, 2006.  (AP Photo/Gerald Herbert)" border="0" />&#60;/a>AP - A bipartisan commission on U.S. options in Iraq will recommend a gradual reduction of American forces in Iraq and a significant diplomatic shift that enlists U.S. adversaries to stabilize the increasingly chaotic country, officials familiar with the panel&#039;s deliberations said Thursday.&#60;/p>&#60;br clear="all"/></description>
<media:content url="http://d.yimg.com/us.yimg.com/p/ap/20061129/capt.7e3a9028eaf545c2a986be1a25164a35.us_iraq_dcgh102.jpg?x=130&amp;y=124&amp;sig=0ByCaQdsmxro3hkGJOadPQ--" type="image/jpeg" height="124" width="130"/>
<media:text type="html">&#60;p>&#60;a href="http://us.rd.yahoo.com/dailynews/rss/topstories/*http://news.yahoo.com/s/ap/20061201/ap_on_go_ot/us_iraq">&#60;img src="http://d.yimg.com/us.yimg.com/p/ap/20061129/capt.7e3a9028eaf545c2a986be1a25164a35.us_iraq_dcgh102.jpg?x=130&amp;y=124&amp;sig=0ByCaQdsmxro3hkGJOadPQ--" align="left" height="124" width="130" alt="photo" title="Lee Hamilton, co-chair of the Iraq Study group and vice-chair of the 9/11 Commission, and former Democratic leader in the Senate Tom Daschle, right,  talk about the current state of homeland security and other issues during an internet webcast at the Center for American Progress in Washington, Wednesday, Nov. 29, 2006.  (AP Photo/Gerald Herbert)" border="0"/>&#60;/a>&#60;/p>&#60;br clear="all"/></media:text>
<media:credit role="publishing company">(AP)</media:credit>

</item>
<item>
<title>Snow, freezing rain moves into Midwest 
    (AP)
</title>
 <link>http://us.rd.yahoo.com/dailynews/rss/topstories/*http://news.yahoo.com/s/ap/20061201/ap_on_re_us/wintry_weather</link>
 <guid isPermaLink="false">ap/20061201/wintry_weather</guid>
<pubDate>Fri, 01 Dec 2006 00:51:11 GMT</pubDate>
<description>AP - The first major snowstorm of the season blew across the Plains and Midwest on Thursday, grounding hundreds of flights, closing schools, glazing highways and threatening to dump up to a foot of snow on communities that had basked in balmy weather only days earlier.</description>
</item>
<item>
<title>Bush to take weeks to decide Iraq policy: official 
    (Reuters)
</title>
 <link>http://us.rd.yahoo.com/dailynews/rss/topstories/*http://news.yahoo.com/s/nm/20061130/pl_nm/iraq_bush_hadley_dc</link>
 <guid isPermaLink="false">nm/20061130/iraq_bush_hadley_dc</guid>
<pubDate>Thu, 30 Nov 2006 19:14:13 GMT</pubDate>
<description>&#60;p>&#60;a href="http://us.rd.yahoo.com/dailynews/rss/topstories/*http://news.yahoo.com/s/nm/20061130/pl_nm/iraq_bush_hadley_dc">&#60;img src="http://d.yimg.com/us.yimg.com/p/nm/20061130/2006_11_30t142734_450x436_us_iraq_bush_hadley.jpg?x=130&amp;y=125&amp;sig=.O2nJiIbIWF8QaYZCT0hFg--" align="left" height="125" width="130" alt="President George W. Bush and Iraqi Prime Minister Nuri al-Maliki conduct a joint press availability following their meeting in Amman, Jordan November 30, 2006. (Jim Young/Reuters)" border="0" />&#60;/a>Reuters - President Bush will take 
weeks rather than months to start making changes in Iraq policy 
after he receives high-level recommendations on the conduct of 
the war, his national security adviser said on Thursday.&#60;/p>&#60;br clear="all"/></description>
<media:content url="http://d.yimg.com/us.yimg.com/p/nm/20061130/2006_11_30t142734_450x436_us_iraq_bush_hadley.jpg?x=130&amp;y=125&amp;sig=.O2nJiIbIWF8QaYZCT0hFg--" type="image/jpeg" height="125" width="130"/>
<media:text type="html">&#60;p>&#60;a href="http://us.rd.yahoo.com/dailynews/rss/topstories/*http://news.yahoo.com/s/nm/20061130/pl_nm/iraq_bush_hadley_dc">&#60;img src="http://d.yimg.com/us.yimg.com/p/nm/20061130/2006_11_30t142734_450x436_us_iraq_bush_hadley.jpg?x=130&amp;y=125&amp;sig=.O2nJiIbIWF8QaYZCT0hFg--" align="left" height="125" width="130" alt="photo" title="President George W. Bush and Iraqi Prime Minister Nuri al-Maliki conduct a joint press availability following their meeting in Amman, Jordan November 30, 2006. (Jim Young/Reuters)" border="0"/>&#60;/a>&#60;/p>&#60;br clear="all"/></media:text>
<media:credit role="publishing company">(Reuters)</media:credit>

</item>
<item>
<title>Orca returns to S.D. tank after attack 
    (AP)
</title>
 <link>http://us.rd.yahoo.com/dailynews/rss/topstories/*http://news.yahoo.com/s/ap/20061201/ap_on_re_us/seaworld_whale_attack</link>
 <guid isPermaLink="false">ap/20061201/seaworld_whale_attack</guid>
<pubDate>Fri, 01 Dec 2006 00:35:04 GMT</pubDate>
<description>&#60;p>&#60;a href="http://us.rd.yahoo.com/dailynews/rss/topstories/*http://news.yahoo.com/s/ap/20061201/ap_on_re_us/seaworld_whale_attack">&#60;img src="http://d.yimg.com/us.yimg.com/p/ap/20061130/capt.39693e4953144c60a2a92b2f5b50c877.seaworld_whale_attack_cacl105.jpg?x=130&amp;y=104&amp;sig=DVnKcOD7BXlNfusfZnNEqQ--" align="left" height="104" width="130" alt="A young girl watches through the glass as a killer whale passes by while swimming in a display tank at SeaWorld Nov. 30, 2006, in San Diego. Trainer Ken Peters remains hospitalized after suffering a broken foot when Kasatka dragged him underwater during a show on Wednesday, Nov. 29, 2006. (AP Photo/Chris Park)" border="0" />&#60;/a>AP - Some days, killer whales just wake up on the wrong side of the pool. A 2 1/2-ton orca that dragged a trainer underwater during a show at SeaWorld may have been put out by a spat with another whale, grumpy because of the weather or just irritable from a stomach ache, according to marine mammal experts.&#60;/p>&#60;br clear="all"/></description>
<media:content url="http://d.yimg.com/us.yimg.com/p/ap/20061130/capt.39693e4953144c60a2a92b2f5b50c877.seaworld_whale_attack_cacl105.jpg?x=130&amp;y=104&amp;sig=DVnKcOD7BXlNfusfZnNEqQ--" type="image/jpeg" height="104" width="130"/>
<media:text type="html">&#60;p>&#60;a href="http://us.rd.yahoo.com/dailynews/rss/topstories/*http://news.yahoo.com/s/ap/20061201/ap_on_re_us/seaworld_whale_attack">&#60;img src="http://d.yimg.com/us.yimg.com/p/ap/20061130/capt.39693e4953144c60a2a92b2f5b50c877.seaworld_whale_attack_cacl105.jpg?x=130&amp;y=104&amp;sig=DVnKcOD7BXlNfusfZnNEqQ--" align="left" height="104" width="130" alt="photo" title="A young girl watches through the glass as a killer whale passes by while swimming in a display tank at SeaWorld Nov. 30, 2006, in San Diego. Trainer Ken Peters remains hospitalized after suffering a broken foot when Kasatka dragged him underwater during a show on Wednesday, Nov. 29, 2006. (AP Photo/Chris Park)" border="0"/>&#60;/a>&#60;/p>&#60;br clear="all"/></media:text>
<media:credit role="publishing company">(AP)</media:credit>

</item>
<item>
<title>Abortion pill thwarts breast cancer gene 
    (AP)
</title>
 <link>http://us.rd.yahoo.com/dailynews/rss/topstories/*http://news.yahoo.com/s/ap/20061201/ap_on_he_me/breast_cancer</link>
 <guid isPermaLink="false">ap/20061201/breast_cancer</guid>
<pubDate>Fri, 01 Dec 2006 00:30:38 GMT</pubDate>
<description>&#60;p>&#60;a href="http://us.rd.yahoo.com/dailynews/rss/topstories/*http://news.yahoo.com/s/ap/20061201/ap_on_he_me/breast_cancer">&#60;img src="http://d.yimg.com/us.yimg.com/p/rids/20061130/i/r1124900308.jpg?x=130&amp;y=86&amp;sig=jPmN.LFbXy9k63G8YfvHHg--" align="left" height="86" width="130" alt="Breast cancer cells are seen in an undated photo from the National Cancer Institute. The chemical compound in the abortion pill RU-486 blocked formation in mice of breast tumors caused by a mutant gene blamed in many women&#039;s breast and ovarian cancers, researchers found. REUTERS/Handout" border="0" />&#60;/a>AP - Scientists used the abortion drug RU-486 to keep tumors at bay in mice bred with a gene destined to give them breast cancer.&#60;/p>&#60;br clear="all"/></description>
<media:content url="http://d.yimg.com/us.yimg.com/p/rids/20061130/i/r1124900308.jpg?x=130&amp;y=86&amp;sig=jPmN.LFbXy9k63G8YfvHHg--" type="image/jpeg" height="86" width="130"/>
<media:text type="html">&#60;p>&#60;a href="http://us.rd.yahoo.com/dailynews/rss/topstories/*http://news.yahoo.com/s/ap/20061201/ap_on_he_me/breast_cancer">&#60;img src="http://d.yimg.com/us.yimg.com/p/rids/20061130/i/r1124900308.jpg?x=130&amp;y=86&amp;sig=jPmN.LFbXy9k63G8YfvHHg--" align="left" height="86" width="130" alt="photo" title="Breast cancer cells are seen in an undated photo from the National Cancer Institute. The chemical compound in the abortion pill RU-486 blocked formation in mice of breast tumors caused by a mutant gene blamed in many women&#039;s breast and ovarian cancers, researchers found. REUTERS/Handout" border="0"/>&#60;/a>&#60;/p>&#60;br clear="all"/></media:text>
<media:credit role="publishing company">(AP)</media:credit>

</item>
<item>
<title>Desperate no more: Eva Longoria engaged 
    (AP)
</title>
 <link>http://us.rd.yahoo.com/dailynews/rss/topstories/*http://news.yahoo.com/s/ap/20061201/ap_on_en_tv/people_longoria_parker</link>
 <guid isPermaLink="false">ap/20061201/people_longoria_parker</guid>
<pubDate>Fri, 01 Dec 2006 00:28:20 GMT</pubDate>
<description>&#60;p>&#60;a href="http://us.rd.yahoo.com/dailynews/rss/topstories/*http://news.yahoo.com/s/ap/20061201/ap_on_en_tv/people_longoria_parker">&#60;img src="http://d.yimg.com/us.yimg.com/p/ap/20061130/capt.7f96c1ef12e04eb38f6ae0219c117b81.people_langoria_parker_basketball_ny153.jpg?x=88&amp;y=130&amp;sig=YjD9ykW0DZ4Rpw8XMU4V.A--" align="left" height="130" width="88" alt="Actress Eva Longoria, left, and her boyfriend, NBA basketball player Tony Parker, arrive for the premiere of the film &#039;Superman Returns&#039; in the Westwood section of Los Angeles, in this June 21, 2006 file photo. Eva Longoria is engaged to her beau, San Antonio Spurs star Tony Parker.  &#039;Tony flew into Los Angeles last night after his game and surprised Eva at her home as she got off work,&#039; Liza Anderson told The Associated Press on Thursday via e-mail. &#039;The proposal was romantic and perfect. The couple plans to wed in France in the summer of 2007 in what they describe as a big, happy ceremony with lots of family and friends.&#039;  (AP Photo/Lucas Jackson)" border="0" />&#60;/a>AP - Her marriage didn&#039;t work out on &quot;Desperate Housewives,&quot; but things are looking rosy in real life for Eva Longoria: She&#039;s engaged to her beau, basketball star Tony Parker.&#60;/p>&#60;br clear="all"/></description>
<media:content url="http://d.yimg.com/us.yimg.com/p/ap/20061130/capt.7f96c1ef12e04eb38f6ae0219c117b81.people_langoria_parker_basketball_ny153.jpg?x=88&amp;y=130&amp;sig=YjD9ykW0DZ4Rpw8XMU4V.A--" type="image/jpeg" height="130" width="88"/>
<media:text type="html">&#60;p>&#60;a href="http://us.rd.yahoo.com/dailynews/rss/topstories/*http://news.yahoo.com/s/ap/20061201/ap_on_en_tv/people_longoria_parker">&#60;img src="http://d.yimg.com/us.yimg.com/p/ap/20061130/capt.7f96c1ef12e04eb38f6ae0219c117b81.people_langoria_parker_basketball_ny153.jpg?x=88&amp;y=130&amp;sig=YjD9ykW0DZ4Rpw8XMU4V.A--" align="left" height="130" width="88" alt="photo" title="Actress Eva Longoria, left, and her boyfriend, NBA basketball player Tony Parker, arrive for the premiere of the film &#039;Superman Returns&#039; in the Westwood section of Los Angeles, in this June 21, 2006 file photo. Eva Longoria is engaged to her beau, San Antonio Spurs star Tony Parker.  &#039;Tony flew into Los Angeles last night after his game and surprised Eva at her home as she got off work,&#039; Liza Anderson told The Associated Press on Thursday via e-mail. &#039;The proposal was romantic and perfect. The couple plans to wed in France in the summer of 2007 in what they describe as a big, happy ceremony with lots of family and friends.&#039;  (AP Photo/Lucas Jackson)" border="0"/>&#60;/a>&#60;/p>&#60;br clear="all"/></media:text>
<media:credit role="publishing company">(AP)</media:credit>

</item>
<item>
<title>Kerkorian selling another 14M GM shares 
    (AP)
</title>
 <link>http://us.rd.yahoo.com/dailynews/rss/topstories/*http://news.yahoo.com/s/ap/20061201/ap_on_bi_ge/gm_kerkorian</link>
 <guid isPermaLink="false">ap/20061201/gm_kerkorian</guid>
<pubDate>Fri, 01 Dec 2006 00:25:54 GMT</pubDate>
<description>&#60;p>&#60;a href="http://us.rd.yahoo.com/dailynews/rss/topstories/*http://news.yahoo.com/s/ap/20061201/ap_on_bi_ge/gm_kerkorian">&#60;img src="http://d.yimg.com/us.yimg.com/p/ap/20061130/capt.dcdd1a89cef849528a3e77da28f4074b.gm_kerkorian_nyol306.jpg?x=91&amp;y=130&amp;sig=FFOWCzSzII3oLoofcYvbOQ--" align="left" height="130" width="91" alt="In this May 18, 2000, file photo, Kirk Kerkorian smiles during an appearance before the Mississippi Gaming Commission in Jackson, Miss. A dissident General Motors Corp. shareholder, Kerkorian is selling another 14 million shares in the troubled automaker, dropping his stake by a third to 4.95 percent for a price of just over $400 million.  (AP Photo/Rogelio Solis)" border="0" />&#60;/a>AP - Dissident General Motors Corp. shareholder Kirk Kerkorian is selling another 14 million shares in the troubled automaker, dropping his stake by a third to 4.95 percent for a price of just over &#36;400 million.&#60;/p>&#60;br clear="all"/></description>
<media:content url="http://d.yimg.com/us.yimg.com/p/ap/20061130/capt.dcdd1a89cef849528a3e77da28f4074b.gm_kerkorian_nyol306.jpg?x=91&amp;y=130&amp;sig=FFOWCzSzII3oLoofcYvbOQ--" type="image/jpeg" height="130" width="91"/>
<media:text type="html">&#60;p>&#60;a href="http://us.rd.yahoo.com/dailynews/rss/topstories/*http://news.yahoo.com/s/ap/20061201/ap_on_bi_ge/gm_kerkorian">&#60;img src="http://d.yimg.com/us.yimg.com/p/ap/20061130/capt.dcdd1a89cef849528a3e77da28f4074b.gm_kerkorian_nyol306.jpg?x=91&amp;y=130&amp;sig=FFOWCzSzII3oLoofcYvbOQ--" align="left" height="130" width="91" alt="photo" title="In this May 18, 2000, file photo, Kirk Kerkorian smiles during an appearance before the Mississippi Gaming Commission in Jackson, Miss. A dissident General Motors Corp. shareholder, Kerkorian is selling another 14 million shares in the troubled automaker, dropping his stake by a third to 4.95 percent for a price of just over $400 million.  (AP Photo/Rogelio Solis)" border="0"/>&#60;/a>&#60;/p>&#60;br clear="all"/></media:text>
<media:credit role="publishing company">(AP)</media:credit>

</item>
<item>
<title>Phillies, Eaton ink &amp;#36;24.5M, 3-year deal 
    (AP)
</title>
 <link>http://us.rd.yahoo.com/dailynews/rss/topstories/*http://news.yahoo.com/s/ap/20061201/ap_on_sp_ba_ne/bbn_phillies_eaton</link>
 <guid isPermaLink="false">ap/20061201/bbn_phillies_eaton</guid>
<pubDate>Fri, 01 Dec 2006 00:19:16 GMT</pubDate>
<description>&#60;p>&#60;a href="http://us.rd.yahoo.com/dailynews/rss/topstories/*http://news.yahoo.com/s/ap/20061201/ap_on_sp_ba_ne/bbn_phillies_eaton">&#60;img src="http://d.yimg.com/us.yimg.com/p/ap/20061128/capt.9fd34ffac3354307bd31e1127a1475a1.phillies_eaton_baseball_ny174.jpg?x=123&amp;y=130&amp;sig=gPdOl.sSryRdPdmPdXFewg--" align="left" height="130" width="123" alt="Former Texas Rangers pitcher Adam Eaton delivers to the Los Angeles Angels in the first inning of a baseball game in Arlington, Texas, in this Sept. 16, 2006 file photo. Eaton and the Philadelphia Phillies reached a preliminary agreement on a US$24 million, three-year contract, a baseball official told The Associated Press on Monday, Nov. 27, 2006. (AP Photo/Tony Gutierrez, File)" border="0" />&#60;/a>AP - Pitcher Adam Eaton and the Philadelphia Phillies finalized a &#36;24.5 million, three-year contract on Thursday. A first-round pick by the Phillies in 1996, Eaton is 54-45 with a 4.40 ERA in seven major league seasons. He has been on the disabled list six times in his career, but the Phillies are banking on the right-hander to fill out their rotation.&#60;/p>&#60;br clear="all"/></description>
<media:content url="http://d.yimg.com/us.yimg.com/p/ap/20061128/capt.9fd34ffac3354307bd31e1127a1475a1.phillies_eaton_baseball_ny174.jpg?x=123&amp;y=130&amp;sig=gPdOl.sSryRdPdmPdXFewg--" type="image/jpeg" height="130" width="123"/>
<media:text type="html">&#60;p>&#60;a href="http://us.rd.yahoo.com/dailynews/rss/topstories/*http://news.yahoo.com/s/ap/20061201/ap_on_sp_ba_ne/bbn_phillies_eaton">&#60;img src="http://d.yimg.com/us.yimg.com/p/ap/20061128/capt.9fd34ffac3354307bd31e1127a1475a1.phillies_eaton_baseball_ny174.jpg?x=123&amp;y=130&amp;sig=gPdOl.sSryRdPdmPdXFewg--" align="left" height="130" width="123" alt="photo" title="Former Texas Rangers pitcher Adam Eaton delivers to the Los Angeles Angels in the first inning of a baseball game in Arlington, Texas, in this Sept. 16, 2006 file photo. Eaton and the Philadelphia Phillies reached a preliminary agreement on a US$24 million, three-year contract, a baseball official told The Associated Press on Monday, Nov. 27, 2006. (AP Photo/Tony Gutierrez, File)" border="0"/>&#60;/a>&#60;/p>&#60;br clear="all"/></media:text>
<media:credit role="publishing company">(AP)</media:credit>

</item>
<item>
<title>Iraqi forces can take over by June 2007, says PM 
    (Reuters)
</title>
 <link>http://us.rd.yahoo.com/dailynews/rss/topstories/*http://news.yahoo.com/s/nm/20061130/ts_nm/iraq_dc</link>
 <guid isPermaLink="false">nm/20061130/iraq_dc</guid>
<pubDate>Thu, 30 Nov 2006 23:16:47 GMT</pubDate>
<description>&#60;p>&#60;a href="http://us.rd.yahoo.com/dailynews/rss/topstories/*http://news.yahoo.com/s/nm/20061130/ts_nm/iraq_dc">&#60;img src="http://d.yimg.com/us.yimg.com/p/nm/20061201/2006_11_30t051419_450x312_us_iraq.jpg?x=130&amp;y=90&amp;sig=hjAeHEKoaoxSuSo2s2Sfgw--" align="left" height="90" width="130" alt="President Bush meets with Iraqi Prime Minister Nuri al-Maliki in Amman, November 30, 2006. (Jim Young/Reuters)" border="0" />&#60;/a>Reuters - Iraqi Prime Minister Nuri al-Maliki said 
on Thursday his government&#039;s forces would be able to take over 
security command from U.S. troops by June 2007 -- a move which 
could allow the United States to start withdrawing.&#60;/p>&#60;br clear="all"/></description>
<media:content url="http://d.yimg.com/us.yimg.com/p/nm/20061201/2006_11_30t051419_450x312_us_iraq.jpg?x=130&amp;y=90&amp;sig=hjAeHEKoaoxSuSo2s2Sfgw--" type="image/jpeg" height="90" width="130"/>
<media:text type="html">&#60;p>&#60;a href="http://us.rd.yahoo.com/dailynews/rss/topstories/*http://news.yahoo.com/s/nm/20061130/ts_nm/iraq_dc">&#60;img src="http://d.yimg.com/us.yimg.com/p/nm/20061201/2006_11_30t051419_450x312_us_iraq.jpg?x=130&amp;y=90&amp;sig=hjAeHEKoaoxSuSo2s2Sfgw--" align="left" height="90" width="130" alt="photo" title="President Bush meets with Iraqi Prime Minister Nuri al-Maliki in Amman, November 30, 2006. (Jim Young/Reuters)" border="0"/>&#60;/a>&#60;/p>&#60;br clear="all"/></media:text>
<media:credit role="publishing company">(Reuters)</media:credit>

</item>
<item>
<title>U.S. warns of possible Qaeda financial cyber attack 
    (Reuters)
</title>
 <link>http://us.rd.yahoo.com/dailynews/rss/topstories/*http://news.yahoo.com/s/nm/20061201/bs_nm/security_usa_qaeda_dc</link>
 <guid isPermaLink="false">nm/20061201/security_usa_qaeda_dc</guid>
<pubDate>Fri, 01 Dec 2006 00:34:37 GMT</pubDate>
<description>&#60;p>&#60;a href="http://us.rd.yahoo.com/dailynews/rss/topstories/*http://news.yahoo.com/s/nm/20061201/bs_nm/security_usa_qaeda_dc">&#60;img src="http://d.yimg.com/us.yimg.com/p/nm/20061116/2006_11_15t185632_450x285_us_security_usa_qaeda.jpg?x=130&amp;y=82&amp;sig=eCjhjOHXAnJutYh2r92StQ--" align="left" height="82" width="130" alt="An image taken from an Internet posting by al Qaeda&#039;s media arm, al Sahab on September 11, 2006, shows Osama bin Laden speaking in an unknown location. Bin Laden may be the leading symbol of global Islamist militancy but the al Qaeda leader wields less influence over Islamist ideology than more obscure religious thinkers, according to a new study issued on Wednesday. (Handout/Reuters)" border="0" />&#60;/a>Reuters - The U.S. government warned on 
Thursday of a possible al Qaeda call to attack U.S. financial 
online services but said there was no evidence to suggest the 
effort could cause harm.&#60;/p>&#60;br clear="all"/></description>
<media:content url="http://d.yimg.com/us.yimg.com/p/nm/20061116/2006_11_15t185632_450x285_us_security_usa_qaeda.jpg?x=130&amp;y=82&amp;sig=eCjhjOHXAnJutYh2r92StQ--" type="image/jpeg" height="82" width="130"/>
<media:text type="html">&#60;p>&#60;a href="http://us.rd.yahoo.com/dailynews/rss/topstories/*http://news.yahoo.com/s/nm/20061201/bs_nm/security_usa_qaeda_dc">&#60;img src="http://d.yimg.com/us.yimg.com/p/nm/20061116/2006_11_15t185632_450x285_us_security_usa_qaeda.jpg?x=130&amp;y=82&amp;sig=eCjhjOHXAnJutYh2r92StQ--" align="left" height="82" width="130" alt="photo" title="An image taken from an Internet posting by al Qaeda&#039;s media arm, al Sahab on September 11, 2006, shows Osama bin Laden speaking in an unknown location. Bin Laden may be the leading symbol of global Islamist militancy but the al Qaeda leader wields less influence over Islamist ideology than more obscure religious thinkers, according to a new study issued on Wednesday. (Handout/Reuters)" border="0"/>&#60;/a>&#60;/p>&#60;br clear="all"/></media:text>
<media:credit role="publishing company">(Reuters)</media:credit>

</item>
<item>
<title>U.S.-British &quot;special relationship&quot; questioned 
    (Reuters)
</title>
 <link>http://us.rd.yahoo.com/dailynews/rss/topstories/*http://news.yahoo.com/s/nm/20061201/pl_nm/britain_usa_relationship_dc</link>
 <guid isPermaLink="false">nm/20061201/britain_usa_relationship_dc</guid>
<pubDate>Fri, 01 Dec 2006 00:22:03 GMT</pubDate>
<description>&#60;p>&#60;a href="http://us.rd.yahoo.com/dailynews/rss/topstories/*http://news.yahoo.com/s/nm/20061201/pl_nm/britain_usa_relationship_dc">&#60;img src="http://d.yimg.com/us.yimg.com/p/nm/20061201/2006_11_30t190444_450x393_uk_britain_usa_relationship.jpg?x=130&amp;y=113&amp;sig=TTR9xS2PqQ.fyKCqVF5uPA--" align="left" height="113" width="130" alt="President Bush holds a joint news conference with British Prime Minister Tony Blair in the East Room at the White House in Washington July 28, 2006. The State Department on Thursday repudiated comments by one of its officials who suggested the U.S.-British &#039;special relationship&#039; was a myth, calling his comments &#039;ill-informed ... and just plain wrong.&#039; (Jim Young/Reuters)" border="0" />&#60;/a>Reuters - The State Department on Thursday 
repudiated comments by one of its officials who suggested the 
U.S.-British &quot;special relationship&quot; was a myth, calling his 
comments &quot;ill-informed ... and just plain wrong.&quot;&#60;/p>&#60;br clear="all"/></description>
<media:content url="http://d.yimg.com/us.yimg.com/p/nm/20061201/2006_11_30t190444_450x393_uk_britain_usa_relationship.jpg?x=130&amp;y=113&amp;sig=TTR9xS2PqQ.fyKCqVF5uPA--" type="image/jpeg" height="113" width="130"/>
<media:text type="html">&#60;p>&#60;a href="http://us.rd.yahoo.com/dailynews/rss/topstories/*http://news.yahoo.com/s/nm/20061201/pl_nm/britain_usa_relationship_dc">&#60;img src="http://d.yimg.com/us.yimg.com/p/nm/20061201/2006_11_30t190444_450x393_uk_britain_usa_relationship.jpg?x=130&amp;y=113&amp;sig=TTR9xS2PqQ.fyKCqVF5uPA--" align="left" height="113" width="130" alt="photo" title="President Bush holds a joint news conference with British Prime Minister Tony Blair in the East Room at the White House in Washington July 28, 2006. The State Department on Thursday repudiated comments by one of its officials who suggested the U.S.-British &#039;special relationship&#039; was a myth, calling his comments &#039;ill-informed ... and just plain wrong.&#039; (Jim Young/Reuters)" border="0"/>&#60;/a>&#60;/p>&#60;br clear="all"/></media:text>
<media:credit role="publishing company">(Reuters)</media:credit>

</item>
<item>
<title>UK clears plane in radiation probe 
    (Reuters)
</title>
 <link>http://us.rd.yahoo.com/dailynews/rss/topstories/*http://news.yahoo.com/s/nm/20061130/ts_nm/britain_poisoning_dc</link>
 <guid isPermaLink="false">nm/20061130/britain_poisoning_dc</guid>
<pubDate>Thu, 30 Nov 2006 22:40:22 GMT</pubDate>
<description>&#60;p>&#60;a href="http://us.rd.yahoo.com/dailynews/rss/topstories/*http://news.yahoo.com/s/nm/20061130/ts_nm/britain_poisoning_dc">&#60;img src="http://d.yimg.com/us.yimg.com/p/nm/20061130/2006_11_30t062440_450x303_us_britain_poisoning.jpg?x=130&amp;y=87&amp;sig=b_zauHFlyrrT3VMmIn7W0g--" align="left" height="87" width="130" alt="A British Airways aircraft on the tarmac of Moscow&#039;s Domodedovo airport, November 30, 2006. (Alexander Natruskin/Reuters)" border="0" />&#60;/a>Reuters - Britain gave the all clear on Thursday 
to one of four aircraft being monitored for radiation in an 
ever widening probe into the death from poisoning of a former 
Russian spy that has heightened tensions with Moscow.&#60;/p>&#60;br clear="all"/></description>
<media:content url="http://d.yimg.com/us.yimg.com/p/nm/20061130/2006_11_30t062440_450x303_us_britain_poisoning.jpg?x=130&amp;y=87&amp;sig=b_zauHFlyrrT3VMmIn7W0g--" type="image/jpeg" height="87" width="130"/>
<media:text type="html">&#60;p>&#60;a href="http://us.rd.yahoo.com/dailynews/rss/topstories/*http://news.yahoo.com/s/nm/20061130/ts_nm/britain_poisoning_dc">&#60;img src="http://d.yimg.com/us.yimg.com/p/nm/20061130/2006_11_30t062440_450x303_us_britain_poisoning.jpg?x=130&amp;y=87&amp;sig=b_zauHFlyrrT3VMmIn7W0g--" align="left" height="87" width="130" alt="photo" title="A British Airways aircraft on the tarmac of Moscow&#039;s Domodedovo airport, November 30, 2006. (Alexander Natruskin/Reuters)" border="0"/>&#60;/a>&#60;/p>&#60;br clear="all"/></media:text>
<media:credit role="publishing company">(Reuters)</media:credit>

</item>
<item>
<title>Iowa Democrat launches 2008 White House bid 
    (Reuters)
</title>
 <link>http://us.rd.yahoo.com/dailynews/rss/topstories/*http://news.yahoo.com/s/nm/20061130/pl_nm/usa_politics_vilsack_dc</link>
 <guid isPermaLink="false">nm/20061130/usa_politics_vilsack_dc</guid>
<pubDate>Thu, 30 Nov 2006 17:11:16 GMT</pubDate>
<description>&#60;p>&#60;a href="http://us.rd.yahoo.com/dailynews/rss/topstories/*http://news.yahoo.com/s/nm/20061130/pl_nm/usa_politics_vilsack_dc">&#60;img src="http://d.yimg.com/us.yimg.com/p/nm/20061130/2006_11_30t122213_450x304_us_usa_politics_vilsack.jpg?x=130&amp;y=87&amp;sig=vjPXMKTdSmrMMyITiSEUQA--" align="left" height="87" width="130" alt="Governor Tom Vilsack (D-IA) announces his candidacy for U.S. President during speech at Iowa Wesleyan College in Mt. Pleasant, Iowa November 30, 2006. (Frank Polich/Reuters)" border="0" />&#60;/a>Reuters - Gov. Tom Vilsack of Iowa 
on Thursday launched an underdog bid for the White House, 
promising to restore America&#039;s sense of community and optimism 
as he became the first Democrat to declare for the 2008 race.&#60;/p>&#60;br clear="all"/></description>
<media:content url="http://d.yimg.com/us.yimg.com/p/nm/20061130/2006_11_30t122213_450x304_us_usa_politics_vilsack.jpg?x=130&amp;y=87&amp;sig=vjPXMKTdSmrMMyITiSEUQA--" type="image/jpeg" height="87" width="130"/>
<media:text type="html">&#60;p>&#60;a href="http://us.rd.yahoo.com/dailynews/rss/topstories/*http://news.yahoo.com/s/nm/20061130/pl_nm/usa_politics_vilsack_dc">&#60;img src="http://d.yimg.com/us.yimg.com/p/nm/20061130/2006_11_30t122213_450x304_us_usa_politics_vilsack.jpg?x=130&amp;y=87&amp;sig=vjPXMKTdSmrMMyITiSEUQA--" align="left" height="87" width="130" alt="photo" title="Governor Tom Vilsack (D-IA) announces his candidacy for U.S. President during speech at Iowa Wesleyan College in Mt. Pleasant, Iowa November 30, 2006. (Frank Polich/Reuters)" border="0"/>&#60;/a>&#60;/p>&#60;br clear="all"/></media:text>
<media:credit role="publishing company">(Reuters)</media:credit>

</item>
<item>
<title>Rice seeks wide Middle East truce to restart talks 
    (Reuters)
</title>
 <link>http://us.rd.yahoo.com/dailynews/rss/topstories/*http://news.yahoo.com/s/nm/20061130/pl_nm/palestinians_israel_dc</link>
 <guid isPermaLink="false">nm/20061130/palestinians_israel_dc</guid>
<pubDate>Thu, 30 Nov 2006 20:34:45 GMT</pubDate>
<description>&#60;p>&#60;a href="http://us.rd.yahoo.com/dailynews/rss/topstories/*http://news.yahoo.com/s/nm/20061130/pl_nm/palestinians_israel_dc">&#60;img src="http://d.yimg.com/us.yimg.com/p/nm/20061130/2006_11_30t051756_450x257_us_palestinians_israel.jpg?x=130&amp;y=74&amp;sig=JhR9s.yqtS8gDuA4Ddm7BA--" align="left" height="74" width="130" alt="President George Bush speaks with Secretary of State Condoleezza Rice during the NATO summit in Riga, November 29, 2006. (Peter Andrews/Reuters)" border="0" />&#60;/a>Reuters - U.S. Secretary of State 
Condoleezza Rice pushed Israelis and Palestinians on Thursday 
to broaden their fragile Gaza ceasefire as Arab nations urged 
her to press Israel to ease restrictions in the occupied West 
Bank.&#60;/p>&#60;br clear="all"/></description>
<media:content url="http://d.yimg.com/us.yimg.com/p/nm/20061130/2006_11_30t051756_450x257_us_palestinians_israel.jpg?x=130&amp;y=74&amp;sig=JhR9s.yqtS8gDuA4Ddm7BA--" type="image/jpeg" height="74" width="130"/>
<media:text type="html">&#60;p>&#60;a href="http://us.rd.yahoo.com/dailynews/rss/topstories/*http://news.yahoo.com/s/nm/20061130/pl_nm/palestinians_israel_dc">&#60;img src="http://d.yimg.com/us.yimg.com/p/nm/20061130/2006_11_30t051756_450x257_us_palestinians_israel.jpg?x=130&amp;y=74&amp;sig=JhR9s.yqtS8gDuA4Ddm7BA--" align="left" height="74" width="130" alt="photo" title="President George Bush speaks with Secretary of State Condoleezza Rice during the NATO summit in Riga, November 29, 2006. (Peter Andrews/Reuters)" border="0"/>&#60;/a>&#60;/p>&#60;br clear="all"/></media:text>
<media:credit role="publishing company">(Reuters)</media:credit>

</item>
<item>
<title>Pope makes historic mosque visit, prays with Mufti 
    (Reuters)
</title>
 <link>http://us.rd.yahoo.com/dailynews/rss/topstories/*http://news.yahoo.com/s/nm/20061130/ts_nm/pope_turkey_dc</link>
 <guid isPermaLink="false">nm/20061130/pope_turkey_dc</guid>
<pubDate>Thu, 30 Nov 2006 19:50:20 GMT</pubDate>
<description>&#60;p>&#60;a href="http://us.rd.yahoo.com/dailynews/rss/topstories/*http://news.yahoo.com/s/nm/20061130/ts_nm/pope_turkey_dc">&#60;img src="http://d.yimg.com/us.yimg.com/p/nm/20061130/2006_11_30t152443_450x371_us_pope_turkey.jpg?x=130&amp;y=107&amp;sig=NyRnGYBLSWnykKb.vueepg--" align="left" height="107" width="130" alt="Pope Benedict XVI visits the Blue Mosque in Istanbul November 30, 2006. (Patrick Hertzog/Pool/Reuters)" border="0" />&#60;/a>Reuters - Pope Benedict visited Istanbul&#039;s Blue 
Mosque on Thursday, only the second Roman Catholic Pontiff to 
take such a step, and prayed silently in another gesture of 
reconciliation to the Muslim world.&#60;/p>&#60;br clear="all"/></description>
<media:content url="http://d.yimg.com/us.yimg.com/p/nm/20061130/2006_11_30t152443_450x371_us_pope_turkey.jpg?x=130&amp;y=107&amp;sig=NyRnGYBLSWnykKb.vueepg--" type="image/jpeg" height="107" width="130"/>
<media:text type="html">&#60;p>&#60;a href="http://us.rd.yahoo.com/dailynews/rss/topstories/*http://news.yahoo.com/s/nm/20061130/ts_nm/pope_turkey_dc">&#60;img src="http://d.yimg.com/us.yimg.com/p/nm/20061130/2006_11_30t152443_450x371_us_pope_turkey.jpg?x=130&amp;y=107&amp;sig=NyRnGYBLSWnykKb.vueepg--" align="left" height="107" width="130" alt="photo" title="Pope Benedict XVI visits the Blue Mosque in Istanbul November 30, 2006. (Patrick Hertzog/Pool/Reuters)" border="0"/>&#60;/a>&#60;/p>&#60;br clear="all"/></media:text>
<media:credit role="publishing company">(Reuters)</media:credit>

</item>
<item>
<title>Iraq panel to recommend U.S. pull back from combat 
    (Reuters)
</title>
 <link>http://us.rd.yahoo.com/dailynews/rss/topstories/*http://news.yahoo.com/s/nm/20061130/pl_nm/iraq_usa_group_dc</link>
 <guid isPermaLink="false">nm/20061130/iraq_usa_group_dc</guid>
<pubDate>Thu, 30 Nov 2006 22:11:20 GMT</pubDate>
<description>&#60;p>&#60;a href="http://us.rd.yahoo.com/dailynews/rss/topstories/*http://news.yahoo.com/s/nm/20061130/pl_nm/iraq_usa_group_dc">&#60;img src="http://d.yimg.com/us.yimg.com/p/nm/20061130/2006_11_29t214639_450x294_us_iraq_usa_group_date.jpg?x=130&amp;y=84&amp;sig=LwvgIBppTSU0jZY5YSBN_w--" align="left" height="84" width="130" alt="President George W. Bush at a meeting with the Baker-Hamilton Commission in the Roosevelt Room of the White House. The panel studying U.S. policy in Iraq has reached a consensus agreement and will release its conclusions on December 6. (Eric Draper-The White House/Handout/Reuters)" border="0" />&#60;/a>Reuters - The Iraq Study Group will recommend 
the U.S. military shift away from combat and toward more of a 
support role in Iraq over the next year or so, a source 
familiar with the panel&#039;s recommendations said.&#60;/p>&#60;br clear="all"/></description>
<media:content url="http://d.yimg.com/us.yimg.com/p/nm/20061130/2006_11_29t214639_450x294_us_iraq_usa_group_date.jpg?x=130&amp;y=84&amp;sig=LwvgIBppTSU0jZY5YSBN_w--" type="image/jpeg" height="84" width="130"/>
<media:text type="html">&#60;p>&#60;a href="http://us.rd.yahoo.com/dailynews/rss/topstories/*http://news.yahoo.com/s/nm/20061130/pl_nm/iraq_usa_group_dc">&#60;img src="http://d.yimg.com/us.yimg.com/p/nm/20061130/2006_11_29t214639_450x294_us_iraq_usa_group_date.jpg?x=130&amp;y=84&amp;sig=LwvgIBppTSU0jZY5YSBN_w--" align="left" height="84" width="130" alt="photo" title="President George W. Bush at a meeting with the Baker-Hamilton Commission in the Roosevelt Room of the White House. The panel studying U.S. policy in Iraq has reached a consensus agreement and will release its conclusions on December 6. (Eric Draper-The White House/Handout/Reuters)" border="0"/>&#60;/a>&#60;/p>&#60;br clear="all"/></media:text>
<media:credit role="publishing company">(Reuters)</media:credit>

</item>
<item>
<title>Bush sees no &#039;graceful exit&#039; from Iraq 
    (AFP)
</title>
 <link>http://us.rd.yahoo.com/dailynews/rss/topstories/*http://news.yahoo.com/s/afp/20061130/pl_afp/usiraqpoliticsbush</link>
 <guid isPermaLink="false">afp/20061130/usiraqpoliticsbush</guid>
<pubDate>Thu, 30 Nov 2006 23:38:15 GMT</pubDate>
<description>&#60;p>&#60;a href="http://us.rd.yahoo.com/dailynews/rss/topstories/*http://news.yahoo.com/s/afp/20061130/pl_afp/usiraqpoliticsbush">&#60;img src="http://d.yimg.com/us.yimg.com/p/afp/20061130/capt.sge.rat99.301106233113.photo00.photo.default-512x347.jpg?x=130&amp;y=88&amp;sig=6nTz_MJA4TvAokm7n3vKcw--" align="left" height="88" width="130" alt="Iraqi Prime Minister Nuri al-Maliki (L) speaks during a joint press conference with US President George W. Bush at the Four Seasons Hotel in Amman, Jordan.  Bush, set to rule in weeks on a possible course change in Iraq, warned against expecting him to lay out plans for &amp;quot;a graceful exit&amp;quot; from the war-torn country.(AFP/Jim Watson)" border="0" />&#60;/a>AFP - US President George W. Bush, set to rule in weeks on a possible course change in Iraq, warned against expecting him to lay out plans for &amp;quot;a graceful exit&amp;quot; from the war-torn country.&#60;/p>&#60;br clear="all"/></description>
<media:content url="http://d.yimg.com/us.yimg.com/p/afp/20061130/capt.sge.rat99.301106233113.photo00.photo.default-512x347.jpg?x=130&amp;y=88&amp;sig=6nTz_MJA4TvAokm7n3vKcw--" type="image/jpeg" height="88" width="130"/>
<media:text type="html">&#60;p>&#60;a href="http://us.rd.yahoo.com/dailynews/rss/topstories/*http://news.yahoo.com/s/afp/20061130/pl_afp/usiraqpoliticsbush">&#60;img src="http://d.yimg.com/us.yimg.com/p/afp/20061130/capt.sge.rat99.301106233113.photo00.photo.default-512x347.jpg?x=130&amp;y=88&amp;sig=6nTz_MJA4TvAokm7n3vKcw--" align="left" height="88" width="130" alt="photo" title="Iraqi Prime Minister Nuri al-Maliki (L) speaks during a joint press conference with US President George W. Bush at the Four Seasons Hotel in Amman, Jordan.  Bush, set to rule in weeks on a possible course change in Iraq, warned against expecting him to lay out plans for &amp;quot;a graceful exit&amp;quot; from the war-torn country.(AFP/Jim Watson)" border="0"/>&#60;/a>&#60;/p>&#60;br clear="all"/></media:text>
<media:credit role="publishing company">(AFP)</media:credit>

</item>
<item>
<title>Pope caps eventful Turkey trip with conciliatory mosque gesture 
    (AFP)
</title>
 <link>http://us.rd.yahoo.com/dailynews/rss/topstories/*http://news.yahoo.com/s/afp/20061130/ts_afp/vaticanpopeturkey</link>
 <guid isPermaLink="false">afp/20061130/vaticanpopeturkey</guid>
<pubDate>Thu, 30 Nov 2006 19:28:36 GMT</pubDate>
<description>&#60;p>&#60;a href="http://us.rd.yahoo.com/dailynews/rss/topstories/*http://news.yahoo.com/s/afp/20061130/ts_afp/vaticanpopeturkey">&#60;img src="http://d.yimg.com/us.yimg.com/p/afp/20061130/capt.sge.qzj49.301106191112.photo00.photo.default-512x347.jpg?x=130&amp;y=88&amp;sig=1_d3Ir9cdG0AsaV5QdMfyA--" align="left" height="88" width="130" alt="Pope Benedict XVI visits the Blue Mosque shoeless in Istanbul.  Pope Benedict XVI, in an exceptional gesture, turned towards Mecca for a moment of meditation in an attitude of Muslim prayer at the Blue Mosque, the third day of his eventful visit to Turkey.(AFP/Patrick Hertzog)" border="0" />&#60;/a>AFP - Pope Benedict XVI capped his fence-mending visit to Turkey with a stunning conciliatory gesture, turning toward Mecca and assuming the attitude of Muslim prayer in Istanbul&#039;s Blue Mosque.&#60;/p>&#60;br clear="all"/></description>
<media:content url="http://d.yimg.com/us.yimg.com/p/afp/20061130/capt.sge.qzj49.301106191112.photo00.photo.default-512x347.jpg?x=130&amp;y=88&amp;sig=1_d3Ir9cdG0AsaV5QdMfyA--" type="image/jpeg" height="88" width="130"/>
<media:text type="html">&#60;p>&#60;a href="http://us.rd.yahoo.com/dailynews/rss/topstories/*http://news.yahoo.com/s/afp/20061130/ts_afp/vaticanpopeturkey">&#60;img src="http://d.yimg.com/us.yimg.com/p/afp/20061130/capt.sge.qzj49.301106191112.photo00.photo.default-512x347.jpg?x=130&amp;y=88&amp;sig=1_d3Ir9cdG0AsaV5QdMfyA--" align="left" height="88" width="130" alt="photo" title="Pope Benedict XVI visits the Blue Mosque shoeless in Istanbul.  Pope Benedict XVI, in an exceptional gesture, turned towards Mecca for a moment of meditation in an attitude of Muslim prayer at the Blue Mosque, the third day of his eventful visit to Turkey.(AFP/Patrick Hertzog)" border="0"/>&#60;/a>&#60;/p>&#60;br clear="all"/></media:text>
<media:credit role="publishing company">(AFP)</media:credit>

</item>
</channel>
</rss>
<!-- server p212.news.mud.yahoo.com -->