<?xml version="1.0"?><rss version="2.0"><channel><title>NCZOnline - The Official Web Site of Nicholas C. Zakas</title><link>http://www.nczonline.net</link><description>The personal blog of Nicholas C. Zakas</description><language>en-us</language><item><title>Professional Ajax - Amazon&#039;s #8 best tech book of 2006!</title><link>http://www.nczonline.net/archive/2006/11/399</link><description><![CDATA[<p>Just got pinged by my editor <a href="http://wroxblog.typepad.com/" rel="external" title="Jim Minatel Wrox Book Editor Blog">Jim</a> about this: <a href="http://www.amazon.com/exec/obidos/tg/feature/-/1000020581/" rel="external" title="Best Books of 2006 - Top 10 Editors' Picks: Computers &amp; Internet">Top 10 Editors' Picks: Computers &amp; Internet</a>. If you scroll down to #8, you'll see <a href="http://www.amazon.com/exec/obidos/redirect?link_code=ur2&amp;tag=nczonline-20&amp;camp=1789&amp;creative=9325&amp;path=http%3A%2F%2Fwww.amazon.com%2Fgp%2Fproduct%2F0471777781%2F" rel="external" title="Professional Ajax">Professional Ajax</a>!</p>  <p>Words can't describe how excited I am about this. To be on this list is amazing, and the fact that it's the only Ajax book on the list makes it even more impressive. I wish there was a small writeup to describe why each book was chosen, but still, this is an incredible honor, and one that wouldn't have been possible without my co-authors <a href="http://www.wdonline.com" rel="external" title="XWeb">Jeremy</a> and <a href="http://joef.typepad.com" rel="external" title="Joe asks 'Is it me or what?'">Joe</a>. Everyone worked really hard on this, and this honor really is a payoff for all that work.</p>]]></description><pubDate>Mon, 27 Nov 2006 00:00:00 EST</pubDate></item><item><title>What a game!</title><link>http://www.nczonline.net/archive/2006/11/398</link><description><![CDATA[<p>The Patriots-Bears game today was incredible! It really had playoff intensity. I'm sure it was important for the Patriots to beat a good team, and Tom Brady really showed that when he faked out Urlacher to run for a first down. I think the defense played admirably, especially Asante Samuel with his three interceptions. They played above their level, as far as I'm concerned, though they did have a noticeable letdown when Junior Seau went out.</p>  <p>Brady played well for the second week in a row. It's too bad that his receivers lost the ball so often, otherwise his numbers would have been bigger. Who would have thought that you could win a game with five turnovers? That was really ugly, and man, that Bears defense is ferocious. If they had an offense, they'd be dangerous.</p>  <p>So, I think that the Patriots are ready for the playoffs if they can keep competing at this level. The next toughest game will probably be with Miami, although Jacksonville is usually tough and Tennessee is showing that they can catch a team sleeping.</p>]]></description><pubDate>Sun, 26 Nov 2006 00:00:00 EST</pubDate></item><item><title>NFL rules you probably didn&#039;t know</title><link>http://www.nczonline.net/archive/2006/11/397</link><description><![CDATA[<p>Instead of a post saying how happy I am about the Patriots 35-0 whoopin' of the Packers, I thought I'd drop some football knowledge. While watching the game I found myself thinking about strange rules in football. So, here's some rules you may not know about:</p>  <ul><li>A regular season game can end in a tie if the game is tied after regulation and no one scores in the overtime. All playoff games will continue into another overtime if tied after one.</li>  <li>A team can't call two timeouts in a row. It's a five yard penalty for the team that tries.</li>  <li>The offense must have seven players on the line of scrimmage.</li>  <li>An offensive player cannot help a teammate by pushing him forward.</li>  <li>If a team delays the start of a half, it's a 15 yard penalty.</li>  <li>If a punter, kicker, or holder <em>simulates</em> being roughed up, it's a 15 yard penalty (although it seems like this one is rarely enforced).</li>  <li>If the defense commits a penalty with less than 30 seconds left on the clock, the offense can choose to accept the penalty or allow time to expire.</li>  <li>There's a modified set of rules for play within the final two minutes of a half.</li>  </ul>  <p>Hope that's enough to whet your appetite. There's so many little rules in football that we all don't know...sort of makes you wonder if the referees actually know them all.</p>]]></description><pubDate>Sun, 19 Nov 2006 00:00:00 EST</pubDate></item><item><title>Browser detection versus feature detection</title><link>http://www.nczonline.net/archive/2006/11/396</link><description><![CDATA[<p>One of the more controversial chapters in <a href="http://www.amazon.com/exec/obidos/redirect?link_code=ur2&amp;tag=nczonline-20&amp;camp=1789&amp;creative=9325&amp;path=http%3A%2F%2Fwww.amazon.com%2Fgp%2Fproduct%2F0764579088%2F" rel="external" title="Professional JavaScript for Web Developers">my first book</a> was the chapter on browser detection. I got flaming emails, blog comments, and reviews about the user-agent string detectino method, telling me that I was falsely promoting an outdated methodology for dealing with browser differences. Feature detection is the ideal, they all said, and that is the only thing you should be teaching. But alas, life is not so easy.</p>  <p>In an ideal world, feature detection would work perfectly. I'd just see if an element supported <code>addEventListener</code> before using it. No need for knowing what specific browser you're using. For a decent amount of JavaScript code, this technique works perfectly. However, there are times when it is absolutely necessary to know the browser being used because of the biggest problem in the browser space today: incorrect implementations.</p>  <p>Using feature detection for a method or property is great when all browsers implement them the same way. However, there are cases when browsers implement them differently or implement only stubs. Take the <code>min-height</code> <acronym title="Cascading Style Sheets">CSS</acronym> property, which wasn't supported in Internet Explorer prior to version 7.0. One would think that <code>style.minHeight</code> would be undefined, so using feature detection would be easy. However, version 6.0 reports this value as a string, and it can be set and read as if it's actually implemented; the only problem, of course, is that it's not. So in this case, feature detection doesn't help the cause...you need to know that the browser is Internet Explorer version 6.0 and, in that case, <code>style.minHeight</code> doesn't work.</p>  <p>This is just one example of feature detection falling on its face. Another was the <code>getElementsByTagName(&quot;*&quot;)</code> debacle. Internet Explorer prior to 6.0 supported <code>getElementsByTagName()</code>, but not when passing in an asterisk to get all elements. Yet another is the table-specific <acronym title="Document Object Model">DOM</acronym> methods that were implemented as stubs in Internet Explorer 5 for the Mac (they existed, they just didn't do anything). Further, both Firefox and Opera implemented <code>document.all</code> so that web sites designed for Internet Explorer wouldn't break; so much for that feature detection classic.</p>  <p>My point here is that user-agent string detection is still the most accurate way to determine what browser is being used, and this can, in some cases, be more valuable than using feature detection. Feature detection is a good practice and should always be used first, but if there are implementation differences that are bogging you down, don't hesitate to look to the user-agent string for help in determining what to do.</p>]]></description><pubDate>Thu, 16 Nov 2006 00:00:00 EST</pubDate></item><item><title>Minimizing closure usage</title><link>http://www.nczonline.net/archive/2006/11/395</link><description><![CDATA[<p>Been meaning to blog about this for a while, but just kept forgetting. Over at the <a href="http://weblogs.asp.net/bleroy/default.aspx" rel="external" title="Atlas and more">Atlas and More Blog</a>, Bertrand Le Roy has posted <a href="http://weblogs.asp.net/bleroy/archive/2006/10/11/From-closures-to-prototypes_2C00_-part-1.aspx" rel="external" title="From closures to prototypes, part 1">two</a> <a href="http://weblogs.asp.net/bleroy/archive/2006/10/14/From-closures-to-prototypes_2C00_-part-2.aspx" rel="external" title="From closures to prototypes, part 2">articles</a> on converting object definitions from using closures to using prototypes. Though the postings are mostly about using the latest version of Atlas, there is some good discussion of why private members aren't necessary or efficient for use in JavaScript. You'll remember I blogged about <a href="/archive/2006/9/375" rel="internal" title="Closures considered harmful">avoiding closures</a> recently, and these articles follow along in the same vein.</p>]]></description><pubDate>Wed, 15 Nov 2006 00:00:00 EST</pubDate></item><item><title>Congratulations to YUI team</title><link>http://www.nczonline.net/archive/2006/11/394</link><description><![CDATA[<p>The folks over at <cite>Linux Journal</cite> have named the <a href="http://developer.yahoo.com/yui/" rel="external" title="Yahoo! User Interface Library">Yahoo! User Interface (<acronym title="Yahoo! User Interface">YUI</acronym>) Library</a> as the <a href="http://www.linuxjournal.com/article/9368" rel="external" title="Editors' Choice 2006">Editors' Choice Software Module or Library for 2006</a>! Congratulations to the team, they're some of the brightest, hardest-working people in the tech industry and they consistently produce quality stuff. Even before I started at <a href="http://www.yahoo.com" rel="external" title="Yahoo!">Yahoo!</a>, the <acronym title="Yahoo! User Interface">YUI</acronym> Library was the only JavaScript library <a href="/archive/2006/2/304" rel="internal" title="NCZOnline: Yahoo! User Interface Blog">I've ever recommended</a> to others and I continue to enthusiastically do so.</p>]]></description><pubDate>Mon, 13 Nov 2006 00:00:00 EST</pubDate></item><item><title>Patriots blunder along</title><link>http://www.nczonline.net/archive/2006/11/393</link><description><![CDATA[<p>For the second straight week, the Patriots have looked completely horrible. I don't understand the lack of enthusiasm being shown by the team in general. This week, there were only three players who looked like they wanted to win the game: Laurence Maroney (who is in this category every week), Corey Dillon, and Reche Caldwell. Those guys were giving their all out there, especially Caldwell, who made several great catches and pulled a tipped ball out of the air and ran it in for a touchdown. Everyone else, including Brady, just looked like they were going through the motions.</p>  <p>The offense is completely out of sync. Two weeks ago at Minnesota, the offense couldn't be stopped. Everyone was running their routes and Brady threw the ball great. Now it seems like Brady can't buy a TD reception, although he's giving away interceptions left and right, making really bad decisions. And the defense...absolutely horrible. What was so dominant two weeks ago has been blistered the past two weeks by Manning and Pennington.</p>  <p>Every year, I say you don't know what your team is until halfway through the season, so this is what the Patriots are. They're an average team that's beginning to play worse and worse with every passing week. They haven't beat a good team this year, and all three losses occurred at home. The only real good team left on their schedule is Chicago. If the Patriots can beat them, then I think they'll be fine for the playoffs; if not, then I'd hope that the Jets win the division and the Patriots can save face by not being destroyed in the playoffs again. At least the Jets play with heart. It pains me to say this for the second week in a row, but the Patriots deserved to lose this game.</p>]]></description><pubDate>Sun, 12 Nov 2006 00:00:00 EST</pubDate></item><item><title>Adobe open sources Flash JavaScript engine</title><link>http://www.nczonline.net/archive/2006/11/392</link><description><![CDATA[<p>The other day, it was <a href="http://www.mozilla.com/en-US/press/mozilla-2006-11-07.html" rel="external" title="Adobe and Mozilla Foundation to Open Source Flash Player Scripting Engine">announced</a> that Adobe would be submitting the source code of Tamarin, the JavaScript engine used in Flash, to Mozilla for open sourcing. In turn, Mozilla will be using it in future editions of Firefox. Why does this matter?</p>  <p>The most important thing is that Tamarin is a just-in-time JavaScript compiler, not an interpreter. That means it's producing machine byte code and then executing instead of interpreting a syntax tree at runtime. Compiling down to byte code means that JavaScript code execution will be significantly accelerated in future editions of Firefox. One may call this one of the most significant enhancements to JavaScript since it was created: transforming it from an interpreted language to a compiled one.</p>  <p>To make sure everyone understands, this doesn't mean you'll be compiling your JavaScript before deploying it. Everything will be the same except the client will run much faster (this should also help speed up the Firefox interface since a lot of it is written in JavaScript as well). It'll be interesting to see how other browser makers respond to this.</p>]]></description><pubDate>Thu, 09 Nov 2006 00:00:00 EST</pubDate></item><item><title>IE&#039;s innerHTML problem</title><link>http://www.nczonline.net/archive/2006/11/391</link><description><![CDATA[<p>How do you remove content from an element that's already been added? The fastest way is to use <code>innerHTML</code> and set it to an empty string. Boom! The content is now gone. This is much faster than going through and removing each child using <code>removeChild()</code>. But there's a problem with this approach in Internet Explorer. Try doing the following:</p>  <ol><li>Create an empty <code>&lt;div/&gt;</code> element with a background color.</li>  <li>Insert some content dynamically (text, elements, whatever you'd like).</li>  <li>Remove the content using <code>innerHTML</code>.</li>  </ol>  <p>What I expect to happen is for the <code>&lt;div/&gt;</code> to become invisible (technically, 0 pixels in height) because there is no content holding it open and a <code>&lt;div/&gt;</code> element has no height specified by default. In IE, the content is removed but the height of the <code>&lt;div/&gt;</code> does not go to 0; Firefox and Opera behave as I expected (sorry, don't have Safari handy to test at the moment).</p>  <p>I remember a time when I used to have to code around bugs in Netscape Navigator, funny how things have been reversed now.</p>]]></description><pubDate>Wed, 08 Nov 2006 00:00:00 EST</pubDate></item><item><title>The absorb() method</title><link>http://www.nczonline.net/archive/2006/11/390</link><description><![CDATA[<p>After reviewing the comments from everyone on the <a href="http://www.nczonline.net/archive/2006/11/388" rel="internal" title="The absorb() function">previous post</a>, I've come up with the next generation of the <code>absorb()</code> function: the <code>absorb()</code> method. It occurred to me that this function really was begging to be a method of <code>Object</code>. So, without further adieu:</p>  <code><p>Object.absorb = function (destination /*:Object*/, source /*:Object*/, overwrite /*:Boolean*/) /*:Object*/ {<br />  &nbsp;&nbsp;for (var key in source) {<br />  &nbsp;&nbsp;&nbsp;&nbsp;if (overwrite || typeof destination[key] == &quot;undefined&quot;){<br />  &nbsp;&nbsp;&nbsp;&nbsp;&nbsp;&nbsp;destination[key] = source[key];<br />  &nbsp;&nbsp;&nbsp;&nbsp;}<br />    &nbsp;&nbsp;}<br /><br />  &nbsp;&nbsp;return destination;<br />  }<br /><br />  Object.prototype.absorb = function (source /*:Object*/, overwrite /*:Boolean*/)  /*:Object*/ {<br />  &nbsp;&nbsp;return Object.absorb(this, source, overwrite);<br />  }</p></code>  <p>Yes, there are two versions. The first is a generic that I've placed as a method of <code>Object</code> in order to avoid polluting the global scope. This can be used just like the <code>absorb()</code> function I originally wrote about, such as:</p>  <code><p>Object.absorb(Array.prototype, {<br />  &nbsp;&nbsp;forEach: function () { ... }<br />  });</p></code>  <p>The second method is inherited by other others (of course, not <acronym title="Document Object Model">DOM</acronym> objects in Internet Explorer), but it allows easier access to the method:</p>  <code><p>Array.prototype.absorb({<br />  &nbsp;&nbsp;forEach: function () { ... }<br />  });</p></code>  <p>Also, thanks to the comment from Les, each method now returns the destination object, so calls can be chained together like this:</p>  <code><p>Array.prototype.absorb({<br />  &nbsp;&nbsp;forEach: function () { ... }<br />  }).absorb({<br />  &nbsp;&nbsp;map : function () { ... }<br />  })</p></code>  <p>Of course, if you want to ignore the native or already existing methods, just pass in <code>true</code> as the second argument; this causes <code>absorb()</code> to overwrite any existing methods of the same name:</p>  <code><p>Array.prototype.absorb({<br />  &nbsp;&nbsp;forEach: function () { ... }<br />  }, true);</p></code>  <p>And that's about it. Thanks to everyone who contributed comments on the last post. I feel like this function has evolved into a much more useful and usable form.</p>]]></description><pubDate>Wed, 08 Nov 2006 00:00:00 EST</pubDate></item></channel></rss>        
