<html><head>
<title>Yahoo!</title>
<meta http-equiv="Content-Type" content="text/html; charset=UTF-8">
<meta http-equiv="PICS-Label" content='(PICS-1.1 "http://www.icra.org/ratingsv02.html" l r (cz 1 lz 1 nz 1 oz 1 vz 1) gen true for "http://www.yahoo.com" r (cz 1 lz 1 nz 1 oz 1 vz 1) "http://www.rsac.org/ratingsv01.html" l r (n 0 s 0 v 0 l 0) gen true for "http://www.yahoo.com" r (n 0 s 0 v 0 l 0))'>
<base href="http://www.yahoo.com/_ylh=X3oDMTFkcTlxb2RiBF9TAzI3MTYxNDkEcGlkAzExNjQ0MzA4MDEEdGVzdAMwBHRtcGwDaW5kZXgtdA--/" target="_top">
<style type="text/css">
a{color:#16387c;}
a:link,a:visited{text-decoration:none;}
a:hover{text-decoration:underline;}
</style>
<style type="text/css" media="all">
#p{width:310px;}
form{margin:0;}
</style>
</head>
<body link="#16387c" vlink="#16387c">
<center>
<table cellpadding="0" cellspacing="0" border="0" bgcolor="#EEF3F6" width="760">
<tr><td colspan="3">
<table cellpadding="0" cellspacing="0" border="0" width="0"><tr><td width="0" height="7"><spacer type="block" width="0" height="7"></td></tr></table>
</td></tr>
<tr>
<td width="10" height="0" rowspan="2"><spacer type="block" width="10" height="0"></td>
<td height="56" valign="top">
<img src="http://us.a1.yimg.com/us.yimg.com/i/ww/beta/y3.gif" width="232" height="44" alt="Yahoo!" title="Yahoo">
</td>
<td rowspan="2">
<table cellpadding="1" cellspacing="0" border="0" bgcolor="#BFCFD7">
<tr><td>
<table cellpadding="20" cellspacing="0" border="0" bgcolor="#F4F6F5">
<tr><td><font face="arial" size="-1">
<form name="sf1" action="http://www.yahoo.com/r/zz">
<input type="hidden" name="u" value="http://search.yahoo.com/search?fr=FP-pull-web-t&ei=UTF-8&p=" />
<table cellpadding="0" cellspacing="0" border="0">
<tr>
<td><font size="+0"><input type="text" name="p" id="p" size="20" /></font></td>
<td><input type="image" value="Web Search" src="http://us.i1.yimg.com/us.yimg.com/i/ww/tbl/webs.gif" alt="Web Search" border="0" /></td>
</tr></table>
</form><span style="margin-top:-1em"></span>
</font></td></tr></table>
</td></tr></table>
</td>
</tr>
<tr>
<td>
<table cellpadding="0" cellspacing="0" border="0">
<tr>
<td width="10" height="0"><spacer type="block" width="10" height="0"></td>
<td>
<table cellpadding="0" cellspacing="0" border="0">
<tr>
<td width="100%" height="1" bgcolor="#dee6e9" colspan="5"><spacer type="block" width="100%" height="1"></td>
</tr><tr>
<td width="1" height="100%" bgcolor="#dee6e9" nowrap><spacer type="block" width="1" height="100%"></td>
<td width="5" height="1" bgcolor="#dde8ea" background="http://us.i1.yimg.com/us.yimg.com/i/ww/tbl/fdbg.gif"><spacer type="block" width="5" height="1"></td>
<td><table cellpadding="2" cellspacing="0" border="0" bgcolor="#DEE6E9">
<tr><td bgcolor="#dde8ea" background="http://us.i1.yimg.com/us.yimg.com/i/ww/tbl/fdbg.gif" nowrap="nowrap"><font face="arial" size="-1"><a href="r/i1">My Yahoo!</a></font></td></tr></table></td>
<td width="5" height="1" bgcolor="#dde8ea" background="http://us.i1.yimg.com/us.yimg.com/i/ww/tbl/fdbg.gif"><spacer type="block" width="5" height="1"></td>
<td width="1" height="100%" bgcolor="#586B7A" nowrap><spacer type="block" width="1" height="100%"></td>
</tr><tr>
<td width="100%" height="1" bgcolor="#586B7A" colspan="5" nowrap><spacer type="block" width="100%" height="1"></td>
</tr></table>
</td>
<td width="10" height="0"><spacer type="block" width="10" height="0"></td>
<td>
<table cellpadding="0" cellspacing="0" border="0">
<tr>
<td width="100%" height="1" bgcolor="#dee6e9" colspan="5"><spacer type="block" width="100%" height="1"></td>
</tr><tr>
<td width="1" height="100%" bgcolor="#dee6e9" nowrap><spacer type="block" width="1" height="100%"></td>
<td width="5" height="1" bgcolor="#dde8ea" background="http://us.i1.yimg.com/us.yimg.com/i/ww/tbl/fdbg.gif"><spacer type="block" width="5" height="1"></td>
<td><table cellpadding="2" cellspacing="0" border="0" bgcolor="#DEE6E9">
<tr><td bgcolor="#dde8ea" background="http://us.i1.yimg.com/us.yimg.com/i/ww/tbl/fdbg.gif" nowrap="nowrap"><font face="arial" size="-1"><a href="r/m1">My Mail</a></font></td></tr></table></td>
<td width="5" height="1" bgcolor="#dde8ea" background="http://us.i1.yimg.com/us.yimg.com/i/ww/tbl/fdbg.gif"><spacer type="block" width="5" height="1"></td>
<td width="1" height="100%" bgcolor="#586B7A" nowrap><spacer type="block" width="1" height="100%"></td>
</tr><tr>
<td width="100%" height="1" bgcolor="#586B7A" colspan="5" nowrap><spacer type="block" width="100%" height="1"></td>
</tr></table>
</td>
</tr></table>
</td>
</tr>
<tr><td colspan="3">
<table cellpadding="0" cellspacing="0" border="0" width="0"><tr><td width="0" height="9"><spacer type="block" width="0" height="9"></td></tr></table>
</td></tr>
</table>
<table cellpadding="0" cellspacing="0" border="0" width="0"><tr><td width="0" height="5"><spacer type="block" width="0" height="5"></td></tr></table>

<table cellpadding="0" cellspacing="0" border="0" width="760">
<tr>
<td align="right">
<table cellpadding="0" cellspacing="0" border="0">
<tr>
<td><font face="arial" size="-1"><a href="r/l6"><b>Sign In</b></a></font></td>
<td width="5" height="0"><spacer type="block" width="5" height="0"></td>
<td bgcolor="#888888" width="2"><spacer type="block" width="2" height="0"></td>
<td width="5" height="0"><spacer type="block" width="5" height="0"></td>
<td><font face="arial" size="-1"><a href="r/m7"><b>Sign Up</b></a></font></td>
<td width="10" height="0"><spacer type="block" width="10" height="0"></td>
</tr>
</table>
</td>
</tr>
</table>
<table cellpadding="0" cellspacing="0" border="0" width="0"><tr><td width="0" height="5"><spacer type="block" width="0" height="5"></td></tr></table>
<table cellpadding="0" cellspacing="0" border="0" width="760">
<tr>
<td width="292" valign="top">
<table cellpadding="1" cellspacing="0" border="0" bgcolor="#FFCC00">
<tr><td>
<table cellpadding="5" cellspacing="0" border="0" bgcolor="#FFFBC4">
<tr>
<td width="0" height="0"><spacer type="block" width="0" height="0"></td>
<td><font face="arial" size="-1">
<b>Why miss out?</b><br>
To see all the new Yahoo! home page has to offer, please upgrade to a more recent browser.
<br><br>
Supported browsers include:<br>
<table cellpadding="0" cellspacing="0" border="0">
<tr><td><font face="arial" size="-2"><a href="r/b7">Internet Explorer 7 optimized by Yahoo!</a></font></td></tr>
<tr><td><font face="arial" size="-2"><a href="r/bf">Firefox 1.5</a></font></td></tr>
<tr><td><font face="arial" size="-2"><a href="r/bg">Safari 2.0</a></font></td></tr>
<tr><td><font face="arial" size="-2"><a href="r/bh">Opera 8.5</a></font></td></tr>
</table>
</font></td><td width="0" height="0"><spacer type="block" width="0" height="0"></td>
</tr></table>
</td></tr></table>
</td>
<td width="10" height="0"><spacer type="block" width="10" height="0"></td>
<td width="458" valign="top">
<table cellpadding="1" cellspacing="0" border="0" bgcolor="#AFBDC6" width="100%">
<tr><td width="100%" valign="top">
<table cellpadding="10" cellspacing="0" border="0" bgcolor="#FCFDFD" width="100%">
<tr><td width="100%">
<table cellpadding="1" cellspacing="0" border="0" width="100%">
<tr>
<td width="25%" valign="top"><font face="arial" size="-1"><b>
<a href="r/3t">360&#176;</a><br>
<a href="r/6n">Answers</a><br>
<a href="r/cr">Autos</a><br>
<a href="r/ye">Entertainment</a><br>
<a href="r/sq">Finance</a><br>
<a href="r/pl">Games</a><br>
<a href="r/g3">Geocities</a><br>
<a href="r/gp">Groups</a><br>
</b></font></td>
<td width="25%" valign="top"><font face="arial" size="-1"><b>
<a href="r/wm">Health</a><br>
<a href="r/h1">Horoscopes</a><br>
<a href="r/jb">HotJobs</a><br>
<a href="r/yg">Kids</a><br>
<a href="r/0z">Local</a><br>
<a href="r/mp">Maps</a><br>
<a href="r/p1">Messenger</a><br>
<a href="r/mf">Movies</a><br>
</b></font></td>
<td width="25%" valign="top"><font face="arial" size="-1"><b>
<a href="r/uf">Music</a><br>
<a href="r/dn">News</a><br>
<a href="r/pr">Personals</a><br>
<a href="r/fo">Photos</a><br>
<a href="r/r1">Real Estate</a><br>
<a href="r/sh">Shopping</a><br>
<a href="r/ys">Sports</a><br>
<a href="r/6m">Tech</a><br>
</b></font></td>
<td width="25%" valign="top"><font face="arial" size="-1"><b>
<a href="r/ta">Travel</a><br>
<a href="r/tg">TV</a><br>
<a href="r/5m">Weather</a><br>
<a href="r/yp">Yellow Pages</a><br>
<a href="r/wl">Y! International</a><br>
</b></font></td>
</tr></table>
<table cellpadding="0" cellspacing="0" border="0" width="0"><tr><td width="0" height="3"><spacer type="block" width="0" height="3"></td></tr></table>
</td></tr></table>
<table cellpadding="0" cellspacing="0" border="0" width="10"><tr><td width="10" height="0" bgcolor="#AFBCC6"><spacer type="block" width="10" height="0"></td></tr></table>
<table cellpadding="10" cellspacing="0" border="0" bgcolor="#FCFDFD" width="100%">
<tr><td width="100%" align="right">
<a href="r/xy"><img src="http://us.i1.yimg.com/us.yimg.com/i/ww/tbl/allys.gif" width="138" height="20" border="0" alt="All Yahoo! Services" /></a>
</td></tr></table>
</td></tr></table>
</td>
</tr>
</table>
<table cellpadding="0" cellspacing="0" border="0" width="0"><tr><td width="0" height="15"><spacer type="block" width="0" height="15"></td></tr></table>
<table cellpadding="1" cellspacing="0" border="0" bgcolor="#dde4e9" width="760">
<tr><td>
<table cellpadding="10" cellspacing="0" border="0" bgcolor="#FCFDFD" width="100%">
<tr><td width="100%" align="center"><font face="arial" size="-1" color="#92a2c2">
<a href="r/ao">Advertise with us</a> |
<a href="r/o4">Search Marketing</a> |
<a href="r/ad">How to suggest a site</a> |
<a href="r/cp">Company Info</a> |
<a href="r/pv">Privacy Policy</a> |
<a href="r/ts">Terms of Service</a> |
<a href="r/hr">Jobs</a> |
<a href="r/hw">Help</a>
<br>
<font color="#666666">Copyright &copy; 2006 Yahoo! Inc. All rights reserved.</font> <a href="r/cy">Copyright/IP Policy</a>.
</font></td></tr></table>
</td></tr></table>
</center>
</body>
</html>
<!-- pbt 1164430801 --><!-- f2.www.mud.yahoo.com uncompressed/chunked Fri Nov 24 21:34:37 PST 2006 -->
