<?xml version="1.0"?>


<rss version="2.0" xmlns:slash="http://purl.org/rss/1.0/modules/slash/" xmlns:wfw="http://wellformedweb.org/CommentAPI/">
<channel>
	<title>forgetfoo.com - it's just a pixel baby.</title>
	<link>http://www.forgetfoo.com/</link>
	<description>Last 10 blog entries at forgetfoo.com</description>
	<language>en-us</language>
	<copyright>Copyright 2006</copyright>
	<lastBuildDate>Sun, 26 Nov 2006 20:45:53 EST</lastBuildDate>
	<managingEditor>foo&#064;forgetfoo.com</managingEditor>
	<webMaster>foo&#064;forgetfoo.com</webMaster>
	<ttl>180</ttl>
	<image>
	<title>_____forgetfoo_____</title>
		<url>http://www.forgetfoo.com/images/foopic_rss1.gif</url>
		<description>FOO: Pure Pixelsex!</description>
		<link>http://www.forgetfoo.com/</link>
	</image>
	
	<item>
		<title><![CDATA[Chiefs Over Broncos]]></title>
		<link><![CDATA[http://www.forgetfoo.com/?blogid=7462]]></link>
	    <description><![CDATA[<a href="http://news.yahoo.com/s/ap/20061124/ap_on_sp_fo_ga_su/fbn_broncos_chiefs" title="LJ, Tynes put Chiefs over Broncos, 19-10 " target="_blank" class="bold">LJ, Tynes put Chiefs over Broncos, 19-10 </a><blockquote><img src="http://www.forgetfoo.com/images/blog/broncos_chiefs_football_m14.jpg" width="179" height="154" border="0" alt="Kansas City Chiefs running back Larry Johnson (27) gets past Denver Broncos cornerback Domonique Foxworth..." align="right" class="pic" />KANSAS CITY, Mo. - Chiefs owner Lamar Hunt was one of the millions of football fans that felt frustrated because they couldn't get the Denver-Kansas City game on television. Hunt had lobbied the NFL for the game for 37 years, but couldn't watch it as the Dallas-area hospital he was admitted to on Wednesday did not have the NFL Network, which carried the game as its first live game telecast to about 40 million of America's 111 million television homes. So Sharron Hunt Munson placed the telephone next to her TV at home and her dad listened to the game that way.<br /> <br />"I know how disappointed he was when he couldn't be here," said Chiefs president Carl Peterson.<br /><br />No doubt Hunt got a lift when quarterback Trent Green dedicated the 19-10 victory on Thursday to the Chiefs' owner, who had lobbed the league to let someone besides Detroit and Dallas host a Thanksgiving game.</blockquote><p>losing two games in the last 4 days has been rather depressing to watch, as a life-long Broncos fan... and to see them lose to those fucking Chiefs on Thanksgiving Day, no less.... *sniffle*</p>]]></description> <pubDate>Fri, 24 Nov 2006 12:05:00 EST</pubDate> <category><![CDATA[Sports]]></category>
  </item>
  
	<item>
		<title><![CDATA[Burning Sunni's Alive]]></title>
		<link><![CDATA[http://www.forgetfoo.com/?blogid=7461]]></link>
	    <description><![CDATA[<a href="http://news.yahoo.com/s/ap/20061124/ap_on_re_mi_ea/iraq_revenge_attacks" title="Shiites burn six Sunni worshippers alive " target="_blank" class="bold">Shiites burn six Sunni worshippers alive </a><blockquote><img src="http://www.forgetfoo.com/images/blog/iraq_bag123.jpg" width="179" height="137" border="0" alt="Mourners grieve over the death of their relatives killed in Sadr city attacks, in Najaf..." align="right"class="pic" />BAGHDAD, Iraq - Shiite militiamen grabbed six Sunnis as they left Friday worship services, doused them with kerosene and burned them alive near Iraqi soldiers who did not intervene, police Capt. Jamil Hussein said.<br /> <br />The <strong>savage revenge attack for Thursday's slaying of 215 people</strong> in the Shiite Sadr City slum occurred as members of the Mahdi Army militia burned four mosques, and several homes while killing an unknown number of Sunni residents in the once-mixed Hurriyah neighborhood of Baghdad.<br /><br />Gunmen loyal to radical anti-American Shiite cleric Muqtada al-Sadr began taking over the neighborhood this summer and most of its Sunni residents already had fled.</blockquote><p>man, talk about a "Black Friday" over there in iraq... g'damn.</p>]]></description> <pubDate>Fri, 24 Nov 2006 12:00:00 EST</pubDate> <category><![CDATA[News]]></category>
  </item>
  
	<item>
		<title><![CDATA[Russia Likes Iran]]></title>
		<link><![CDATA[http://www.forgetfoo.com/?blogid=7460]]></link>
	    <description><![CDATA[<a href="http://www.jpost.com/servlet/Satellite?cid=1162378474690&amp;amp;pagename=JPost%2FJPArticle%2FShowFull" title="Russia delivers air defense missile system to Iran" target="_blank" class="bold">Russia delivers air defense missile system to Iran</a><blockquote>Russia has begun delivery of Tor-M1 air defense missile systems to Iran, a Defense Ministry official said Friday, confirming that Moscow would proceed with arms deals with Tehran despite US criticism. <br /><br />The official, who spoke on condition of anonymity because he is not authorized to discuss the issue, declined to specify when the deliveries had been made and how many systems had been delivered.</blockquote><p>i swear, the more i hear about russia the less comfortable i feel, since they totally seem to be sliding back into the soviet style of doing things... supply'n Iran with an air defense system, when the entire world is looking at Iran nervously over their ongoing pursuit of nuclear [weapons]? geeesh...</p><p>not to mention the recent crazy shit going on with that <a href="http://news.yahoo.com/s/ap/20061124/ap_on_re_eu/britain_poisoned_spy" title="Radioactive substance in ex-spy's body" target="_blank">russian spy turned author being poisoned</a> with some sort of weird radioactive cocktail, and of course Putin says it's all nonsense -- though it sure sounds like his style.</p>]]></description> <pubDate>Fri, 24 Nov 2006 11:54:00 EST</pubDate> <category><![CDATA[News]]></category>
  </item>
  
	<item>
		<title><![CDATA[Genocidal Miss Brussels]]></title>
		<link><![CDATA[http://www.forgetfoo.com/?blogid=7459]]></link>
	    <description><![CDATA[it looks like the new Miss Brussels would like nothing better than to join that crazy f0cker in iran and <a href="http://www.brusselsjournal.com/node/1678" title="Miss Brussels in Dire Straights" target="_blank" class="bold">wipe israel off the face of the world</a>...<blockquote><img src="http://www.forgetfoo.com/images/blog/missbrussels2006.jpg" width="162" height="242" border="0" alt="Miss Brussels, 2006" align="right" class="pic" />Last September Halima Cheha&amp;iuml;ma, the 18-year old daughter of a Moroccan father and a Flemish mother, was elected Miss Brussels. Until next week Ms Cheha&amp;iuml;ma was also the absolute favorite of the bookmakers for the election of Miss Belgium next month. She was thought to be an excellent candidate to symbolize the multicultural paradise that Belgium has become. However, a girl's dream was shattered.<br /><br />Halima Cheha&amp;iuml;ma was a controversial candidate. Last October she stood for the Marxist-Leninist Labour Party in the local elections in Molenbeek, the predominantly Muslim Brussels borough where she lives. The party is so marginal that she did not get elected, but her declaration that Israel must be wiped off the map raised the eyebrows of the organizers of the Miss Belgium pageant. What really seems to have ruined her chances, however, is her connection with Bilal Ould Haj, a Belgian criminal of Moroccan origin.<br /><br />Ould Haj, who has been convicted three times so far for armed robberies, is soon to stand trial for torturing the 84-year old Maria Reyntjes. When he broke into the latter's home in November 2003 and found only 500 euros (650 dollars) he flew into a rage, broke the old lady's legs with a hammer and set her hair on fire. At the time he was Cheha&amp;iuml;ma's sweetheart, though she claims they were just friends.</blockquote><p>g'damn, sounds like a seriously deranged and crazy bitch... guess it just goes to show that looks aren't everything --- not if you want to wake up one morning and still find you're dick attacked... *blink*</p>]]></description> <pubDate>Fri, 24 Nov 2006 11:43:00 EST</pubDate> <category><![CDATA[News]]></category>
  </item>
  
	<item>
		<title><![CDATA[Throw the Jew]]></title>
		<link><![CDATA[http://www.forgetfoo.com/?blogid=7458]]></link>
	    <description><![CDATA[<a href="http://article.nationalreview.com/?q=MGJiYzJmY2U3MmNhMDNmNzZmNDZjZmNmOTI2ZDcxMWY=" title="Throw the Jew Joke Down the Well -- Borat gets anti-Semitism wrong." target="_blank" class="bold">Throw the Jew Joke Down the Well -- Borat gets anti-Semitism wrong.</a><blockquote><em>Borat</em> is many things: a sidesplitting triumph of slapstick and scatology, a runaway moneymaker and budding franchise, the worst thing to happen to Kazakhstan since the Mongol hordes, and, as columnist David Brooks astutely points out, a supreme display of elite snobbery reveling in the humiliation of the hoaxed hillbilly.<br /><br />But it is one thing more, something Brooks alluded to in passing but which requires at least one elaboration: an unintentionally revealing demonstration of the unfortunate attitude of many liberal Jews toward working-class American Christians, especially evangelicals. <br /><br />You know the shtick. Borat goes around America making anti-Semitic remarks in order to elicit a nodding anti-Semitic response. And with enough liquor and cajoling, he succeeds. In the most notorious such scene (on Da Ali G Show where the character was born), Borat sings "Throw the Jew Down the Well" in an Arizona bar as the local rubes join in.<br /><br />Sacha Baron Cohen, the creator of Borat, revealed his purpose for doing that in a rare out-of-character interview he granted Rolling Stone in part to counter charges that he was promoting anti-Semitism. On the face of it, this would be odd, given that Cohen is himself a Sabbath-observing Jew. His defense is that he is using Borat's anti-Semitism as a &amp;#8220;tool&amp;#8221; to expose it in others. And that his Arizona bar stunt revealed, if not anti-Semitism, then "indifference" to anti-Semitism. And that, he maintains, was the path to the Holocaust.</blockquote><p>i didnt see the usual weekly op/ed by victor hanson, so i just grabbed another one that caught my eye, since it's about <em>Borat</em> and all...</p>]]></description> <pubDate>Fri, 24 Nov 2006 11:33:00 EST</pubDate> <category><![CDATA[Op/Ed]]></category>
  </item>
  
	<item>
		<title><![CDATA[Happy Turkey Day!]]></title>
		<link><![CDATA[http://www.forgetfoo.com/?blogid=7457]]></link>
	    <description><![CDATA[just wanted to wish everybody a Happy Thanksgiving! hope everybody has a great time and enjoys all the turkey, ham, mashed potatoes and gravies, and pumpkin pie that they can handle... not to mention the traditional football games... heh.<p align="center"><img src="http://www.forgetfoo.com/images/blog/turkeyday_bigbreasts.jpg" width="473" height="603" border="0" alt="Nice big turkey... breasts." class="pic" /></p>]]></description> <pubDate>Thu, 23 Nov 2006 11:41:00 EST</pubDate> <category><![CDATA[Personal]]></category>
  </item>
  
	<item>
		<title><![CDATA[XBL: Movies &amp; Shows]]></title>
		<link><![CDATA[http://www.forgetfoo.com/?blogid=7456]]></link>
	    <description><![CDATA[looks like you can now download some tv shows and movies (SD &amp;amp; HD versions) through the Xbox Live Marketplace... not really sure how well it'll do, or about the prices they've set... but it seems pretty neat that you can simply select one from the list and download it straight to your 360 for viewing.<p align="center"><img src="http://www.forgetfoo.com/images/blog/xbl_marketplace_video.jpg" width="480" height="270" border="0" alt="Movies and TV Shows on Xbox Live Marketplace" class="pic" /></p><p>according to the message it displays, you have 14 days to watch the content after you download it, and after you open it, you have 24 hours to watch as many times as you want.... course, you have to use your MS Points to purchase the rental first, and it seems a bit steep to me... $6 to download a 4-6gb HD movie (which takes awhile to download) and then you only really have it for a day? hmmmm... not sure why i'd choose it over something like Netflix, but maybe that's just me.</p><p><strong>p.s.</strong> not sure why they dont have Battlestar Galactica and Smallville on the list of tv shows... think that tv shows should be like a buck, and movies 2-3 dollars.</p><p>(hat tip: <a href="http://www.majornelson.com/" title="Major Nelson" target="_blank">majornelson</a>)</p>]]></description> <pubDate>Thu, 23 Nov 2006 11:36:00 EST</pubDate> <category><![CDATA[Online/Web]]></category>
  </item>
  
	<item>
		<title><![CDATA[Some Funny Vids]]></title>
		<link><![CDATA[http://www.forgetfoo.com/?blogid=7455]]></link>
	    <description><![CDATA[you cant help but laugh at these hardcore <strong>dungeons &amp;amp; dragons</strong> dorks... think they should rent some porn, at the least... or hell, maybe some prostitutes.<p align="center"><a href="http://www.youtube.com/watch?v=8ufaBKdY60w" title="Lightning Bolt aka. Ogre Battle" target="_blank"><img src="http://www.forgetfoo.com/images/blog/vid_nerds.jpg" width="420" height="150" border="0" alt="Lightning Bolt aka. Ogre Battle" class="pic" /></a></p><p>some guy plays the Simpsons theme song... unplugged... dunno, thought it was pretty kewl and have to give him propz for at least resisting the urge to do the Mario theme song, which has probably been done more than paris hilton in vegas.</p><p align="center"><a href="http://www.youtube.com/watch?v=m1YGk1oFL1Q" title="Simpsons Unplugged" target="_blank"><img src="http://www.forgetfoo.com/images/blog/vid_simpsons1.jpg" width="420" height="175" border="0" alt="Simpsons Unplugged" class="pic" /></a></p><p>i know i've blogged this one before, but i just came across it again and had to watch it... like three times in a row... gotta luv the star wars mixes, mang.</p><p align="center"><a href="http://www.youtube.com/watch?v=1lcRkaXOla4" title="DJ Keltech - Keltech Strikes Back" target="_blank"><img src="http://www.forgetfoo.com/images/blog/vid_darth.jpg" width="420" height="228" border="0" alt="DJ Keltech - Keltech Strikes Back" class="pic" /></a></p>]]></description> <pubDate>Wed, 22 Nov 2006 17:48:00 EST</pubDate> <category><![CDATA[Video]]></category>
  </item>
  
	<item>
		<title><![CDATA[Some Classic Monty]]></title>
		<link><![CDATA[http://www.forgetfoo.com/?blogid=7454]]></link>
	    <description><![CDATA[it's rainy, it's cold, and it generally sucks ass to be outside... all the more reason to turn to something like some good 'ol classic monty python... doesnt matter where or when, things like this always cracks me up laugh'n... *chuckle*<p align="center"><object width="425" height="350"><param name="movie" value="http://www.youtube.com/v/XcxKIJTb3Hg"></param><embed src="http://www.youtube.com/v/XcxKIJTb3Hg" type="application/x-shockwave-flash" width="425" height="350"></embed></object></p><p>a couple quotes, cuz i just cant help myself... <em>Niiiiiiiiiiiiiii!</em></p><blockquote><strong>Minstrel:</strong> <em>[singing]</em> Bravely bold Sir Robin rode forth from Camelot. He was not afraid to die, oh brave Sir Robin. He was not at all afraid to be killed in nasty ways, brave, brave, brave, brave Sir Robin. He was not in the least bit scared to be mashed into a pulp, or to have his eyes gouged out, and his elbows broken. To have his kneecaps split, and his body burned away, and his limbs all hacked and mangled, brave Sir Robin. His head smashed in and heart cut out, and his liver removed, and his bowels unplugged, and his nostrils ripped and his bottom burned off and his penis... <br /><strong>Sir Robin:</strong> That's, uh, that's enough music for now, lads... looks like there's dirty work afoot.<br /><br /><em>[King Arthur has just cut the Black Knight's last leg off]</em><br /><strong>Black Knight:</strong> Okay, we'll call it a draw.<br /><strong>King Arthur:</strong> <em>[Preparing to leave]</em> Come, Patsy.<br /><em>[King Arthur and Patsy ride off]</em><br /><strong>Black Knight:</strong> <em>[calling after King Arthur]</em> Oh! Had enough, eh? Come back and take what's coming to you, you yellow bastards! Come back here and take what's coming to you! I'll bite your legs off!</blockquote><p><strong>p.s.</strong> definitely have to put this one into my personal movies-i'd-like-to-watch-again list... heh.</p>]]></description> <pubDate>Wed, 22 Nov 2006 17:24:00 EST</pubDate> <category><![CDATA[Video]]></category>
  </item>
  
	<item>
		<title><![CDATA[Lara's Wet Jungle]]></title>
		<link><![CDATA[http://www.forgetfoo.com/?blogid=7453]]></link>
	    <description><![CDATA[who really cares about 007...? i dont know about you guys, but i'd much rather be the new lara croft's pany raider in a hot steamy jungle... wonder when the new movie is supposed to come out? hmmmm... definitely something to keep a lookout for.<p align="center"><img src="http://www.forgetfoo.com/images/blog/karima-adebibe-03.jpg" width="480" height="722" border="0" alt="Karima Adebibe (new lara croft hottie, 2)" class="pic" /><br /><img src="http://www.forgetfoo.com/images/blog/karima-adebibe-04.jpg" width="480" height="319" border="0" alt="Karima Adebibe (new lara croft hottie, 1)" class="pic" /></p><p><strong>p.s.</strong> other than being really fucking hot, the fact that she's also sport'n a sexy british accent has absolutely nothing to do with it.... seriously.</p>]]></description> <pubDate>Wed, 22 Nov 2006 17:17:00 EST</pubDate> <category><![CDATA[Schweeeet]]></category>
  </item>
  
</channel>
</rss>