<?xml version="1.0"?>
<rss version="2.0" xmlns:dc="http://purl.org/dc/elements/1.1/" xml:lang="en">
 <channel>
  <title>XWeb</title>
  <link>http://www.wdonline.com/</link>
  <description>Dhtml, Ramblings, and Anything Else that Fits My Fancy</description>
  <language>en-us</language>
  <copyright>Copyright 2005</copyright>
  <lastBuildDate>Thu, 30 Nov 2006  19:09:02 CDT</lastBuildDate>
  <managingEditor>jwmcpeak&#064;gmail.com</managingEditor>
  <webMaster>Jeremy McPeak</webMaster>
  <item><title>OMG! Pro. Ajax in Amazon Top 10 for 2006!</title><link>http://www.wdonline.com/?postid=175</link><description><![CDATA[I get home from a long day, and I notice something new in my inbox. Lo and behold, <a href=" http://wroxblog.typepad.com/" title="Jim Minatel">Jim</a> (my editor for <a href="http://www.amazon.com/exec/obidos/redirect?link_code=ur2&tag=nczonline-20&camp=1789&creative=9325&path=http%3A%2F%2Fwww.amazon.com%2Fgp%2Fproduct%2F0471777781%2F" title="Professional Ajax">Pro. Ajax</a> and <a href="http://www.amazon.com/exec/obidos/tg/detail/-/0470051515/jimminatswrox-20" title="Beginning JavaScript, 3rd Edition">Beg. JS</a>), hit <a href="http://www.nczonline.net" title="Nicholas C. Zakas">Nicholas<a/> and me with this: <a href="http://www.amazon.com/exec/obidos/tg/feature/-/1000020581/ref=amb_link_3907372_8/104-4621806-3460714" title="Amazon Top 10 Editors' Picks: Computers and Internet">Top 10 Editors' Picks: Computers and Internet</a>. Scroll down to #8. <b>HUZZAH!</b><br /><br />I can't begin to express how I feel! I would've never thought that not only would Professional Ajax be on a Top 10 list for an entire year, but it would also be the <b>only</b> Ajax book on the list! <b>Holy frickin' carp!</b> Congrats to Nicholas, <a href="http://joef.typepad.com/" title="Joe Fawcett">Joe</a>, and Jim!<br />]]></description><dc:date>2006-11-27T18:39:21.270</dc:date></item><item><title>Revelations</title><link>http://www.wdonline.com/?postid=174</link><description><![CDATA[In July, <a href="http://www.wdonline.com/?postid=169" title="The Original Fire">I wrote about Audioslave's release of "The Original Fire"</a> from their then upcoming album <i>Revelations</i>. At the time, I said it wouldn't reach my playlist and get regular play time. Heh. I lied.<br /><br /><i>Revelations</i> was released this past Tuesday, and being a good consumer, I bought the majority of songs off iTunes. In retrospect, I should've bought the album… but I've long since learned you never buy an album unless you know exactly what you're getting (and I didn't… I just bought songs according to the 30 second blurb iTunes offers).<br /><br />This album, of course, has a different feel and sound than the past releases (its fun-kay); but elements from their previous albums (and bands) still shines through. And unlike <i>Out of Exile</i>, the majority of songs off Revelations can be singles. Really. Its good, and this is coming from a diehard Rage Against the Machine fan (give me hard, rocking riffage!). <br /><br />If you're a Tom Morello fanboy like me, you won't be disappointed. He's still kicking his unique play style.<br /><br />To sum up, <i>Revelations</i> may be the band's best effort yet. I still have my favorites from the previous two albums, but this album, as a whole, is much better than the others.<br />]]></description><dc:date>2006-09-09T11:00:56.140</dc:date></item><item><title>Quote of the Day</title><link>http://www.wdonline.com/?postid=173</link><description><![CDATA[Seen somewhere on the Web:<br /><br /><blockquote>I'm not a sore loser; I just don't have any experience with it.</blockquote><br /><br />I laughed =)]]></description><dc:date>2006-09-09T10:11:39.140</dc:date></item><item><title>XPath in Safari: Part II</title><link>http://www.wdonline.com/?postid=172</link><description><![CDATA[I spent some time playing with the XPath support in WebKit a few days ago, and I’ve come to the conclusion that it’s not quite ready for prime time. I know the software is still beta (thankfully). I found no problems with simple XPath evaluations, but things get screwy when you start to factor in namespaces. All the problems I found stem from one flaw: you cannot assign a custom namespace resolver.<br /><br />One of the parameters in the XPathEvaluator.evaluate() method is a namespace resolver. The W3C documentation allows two types of values for this parameter. The first being an object implementing the XPathNSResolver interface, and the second is a user-defined function that returns a string and accepts a string as a parameter.<br />In the latest nightly build, only an XPathNSResolver object can be passed to the evaluate() method, or else a NAMESPACE_ERR error is thrown. Also, it appears that you cannot override the lookupNamespaceURI() method, the only member in the XPathNSResolver class. Doing so also ends in a NAMESPACE_ERR error.<br /><br />So what exactly does this mean? It means that WebKit is incompatible with the other browsers when it comes to namespaces, and incorporating it into code that supports IE, Firefox, and Opera requires yet another code branch. It also means you cannot consolidate all the different browser interfaces into one, as selecting nodes in WebKit currently requires different rules than the other browsers.<br /><br />A <a href="http://bugzilla.opendarwin.org/show_bug.cgi?id=8791" target="_new" title="WebKit XPath NSResolver Bug">bug has been submitted</a> (not by me), and I'm currently writing a test case for it.<br /><br />All in all, I'm glad I can start to work on some of my scripts and use XPath, but for those that require namespaces (the new XParser comes to mind. No it's not released yet.), it'll be a while before they're stamped with "Works in Safari/WebKit".]]></description><dc:date>2006-08-10T13:54:15.963</dc:date></item><item><title>XPath in Safari</title><link>http://www.wdonline.com/?postid=171</link><description><![CDATA[One of the reasons I've been slack in my DHTML and JavaScript development is due to one browser: Safari. In case you missed my little mini-rants, I don't like the browser. It has horrible JavaScript error reporting and the feature set is lacking in many areas; the two most prevalent being no real way to load XML into a document (except with XMLHttpRequest) and no XPath support.<br /><br />On the other hand, Safari is the browser of choice for most OS X users. Completely ignoring the browser isn't the smartest thing to do (especially now that I can't use the "I don't have a Mac" defense); I could get away with Opera because the market share is so small, but there's no real alternative to Safari on OS X, or so I've been told. Lately, I was thinking I'd bite the bullet and parse XML documents the old way: loop through every node, check its name and type, and use the data if needed. But not anymore =)<br /><br />Yesterday, I discovered that <a href="http://www.webkit.org" target="_new" title="WebKit.org">WebKit</a>, the engine that drives Safari, now implements both <a href=" http://bugzilla.opendarwin.org/show_bug.cgi?id=6638" target="_new" title="XPathEvaluator support in WebKit">XPathEvaluator</a> and XSLTProcessor. Sweet! I'm not sure, however, when it'll be added to the actual Safari browser, but at least I can push forth on my scripts that require XPath without feeling guilty. Now all I need is Document.load() (or DOM 3 Load/Save) and getters and setters, and I'll be happy.]]></description><dc:date>2006-08-05T08:13:12.370</dc:date></item><item><title>Govt. Sanctioned Health</title><link>http://www.wdonline.com/?postid=170</link><description><![CDATA[Here I go again, getting a bit more personal on my blog.<br /><br />I've followed the story of <a href="http://www.foxnews.com/story/0,2933,203133,00.html" target="_new" title="Fox News:  Judge Weighs Teen's Alternative Cancer Treatments as Parents Face Losing Custody">Abraham Cherrix</a> since I first heard about him earlier this month. To summarize, he's a cancer patient that took three months of chemo, decided he didn't want to take it anymore, and researched and found alternative methods to fight cancer. He, and his family, faced going to court because a social worker wanted him to continue conventional treatment. And now, the <a href="http://www.foxnews.com/story/0,2933,205473,00.html" target="_new" title="Fox News">court orders him to undergo chemotherapy treatment</a>.<br /><br />This rubs me wrong on a couple levels. First, the courts shouldn't be forcing anyone to undergo any treatment. I'm  a conservative… the courts have their purpose, and I do not think this is one of them. They've basically said, "You're too stupid to choose the treatment for your disease, despite all the research you've put into it." I realize the guy is still a minor, but at sixteen, most people are able to make tough decisions, and Abraham certainly did his research. The decision he made was not made lightly, I know that for sure.<br /><br />Second, I've had the displeasure of seeing firsthand what chemo does to a person. If the disease doesn't make you sick as hell, the treatment does. For over a year, I had to watch this person go through hell and back; it was extremely painful for her, and it was painful for me because I couldn't do squat to help her. And in many cases, chemo has lasting affects that the patient will feel for the remainder of his or her life. It's been years since her last treatment, yet she can barely make it through the work day without becoming completely exhausted. Her migraines are horrible, and nausea, while better, still plagues her from time to time. We're both grateful for the treatment because she's here today. We prayed everyday seeking the proper treatment, and we both believe she got what she needed. But I'm human, and many times I wish there was something else we could've done that would not have the life-long side effects she faces today.<br /><br />Chemotherapy is hell on earth, and if someone doesn't want to go through it, that's their right. I don't blame Abraham one bit for wanting to take an alternative treatment; I wish the courts had the same mentality. <br />]]></description><dc:date>2006-07-27T09:27:57.710</dc:date></item><item><title>The Original Fire</title><link>http://www.wdonline.com/?postid=169</link><description><![CDATA[<a href="http://www.audioslave.com" target="_blank" title="Audioslave">Audioslave</a> released their first single from their upcoming album “Revelations” earlier this week. The song’s called <i>Original Fire</i> (you can listen to the track from their site), and at first listen, I couldn’t stand it. Of course, I joined on the Audioslave bandwagon when Rage Against the Machine split; so anything that deviates from that style of riffage takes a while to get to me.<br /><br />I’ve listened to the track a couple of times now, and it’s grown on me. I can’t really imagine adding it to my playlist, but I’m looking forward to the album’s release in early September. I need something new, and hopefully I can find something from the album.<br /><br />Oh! And I got my Mac in on Tuesday. I’m working on a little write-up on that, as well. Maybe I’ll get it finished this weekend (other things are taking up my time).<br />]]></description><dc:date>2006-07-15T17:24:29.123</dc:date></item><item><title>I&apos;m Not Always Right, But...</title><link>http://www.wdonline.com/?postid=168</link><description><![CDATA[I generally leave my private life out of my blog. I rarely ever blog about my political views, my job, or what I do in a day. I'm frustrated, however, and I can somewhat vent through the writing process. <br /><br />For those that don't know, I work in IT. My hands don't get as dirty as I'd like them to, as far as what I'm allowed to do, but it's a pretty decent job. I have bosses that back me up, listen to my suggestions, and at least consider something new.<br /><br />I'm a rational, logic-minded person. So before I get working on a project, I like to plan it out. I generally find this trait saves me from unnecessary work. Don't get me wrong, I don't mind work, but I hate spending more time than necessary on a project. I also consider myself knowledgeable in this field. I'm not expert-level (well, I am in some aspects), but when I make a suggestion to someone, it's usually correct. I'm not conceited… it's just fact. When I offer suggestion to a problem, I'm proven correct 98% of the time.<br /><br />It irks the hell out of me when I'm not listened to, especially by the people I call co-workers: the people that I have proved myself to time and time again; the people that turn to me when they can't figure something out. So why is it that I'm now ignored when I throw my two cents into the foray? I realize "less talk, more action" gets things done, but why can't we stop and think for two minutes on what I have to say?  Aren't I usually right? Is that the problem? Do you want to be right for a change? <b>THEN FRICKIN' LISTEN TO ME!</b> I've said it several times here: I'm lazy. Therefore, I'm going to find the best way to do something, and I'm going to make sure it works flawlessly, or else my perfectionist side won't be happy with it, either.<br /><br />My wife sometimes tells me I have to be right all the time. I'll give her that.  However, 2 hours vs. 3 hours and counting (with the exact same results). Hmm. I'll take the former.<br /><br />&lt;rantOff /&gt;]]></description><dc:date>2006-07-12T11:30:01.717</dc:date></item><item><title>Today is Mac Day</title><link>http://www.wdonline.com/?postid=167</link><description><![CDATA[Ok, not really. But it is for me. My Core Solo MacMini is on the FedEx truck somewhere in town; along with the 2GB of OCZ DDR2 I bought from NewEgg to install in it (and a KVM, and an OCZ GamerXtreme 600W PSU). I'm excited =) Today is gonna be like Christmas when I get home from work.<br /><br />And ironically, I'm quite excited to be a Mac owner (my sister thinks she converted me, and my dad calls me a traitor). If the wife likes it, we'll get a MacBook Pro later in the year, and I'll turn the Mini into a little server (sexy, huh?). Of course, I'm getting a Mac mainly so that I can test in Safari and actually start supporting the browser. It'll also come in handy with current and upcoming projects, as well.<br /><br />Anywho, after yesterday's disaster (which prompted me to post the previous post), I needed something to lighten my spirits. Come on, 5 'o clock!]]></description><dc:date>2006-07-11T09:05:17.920</dc:date></item><item><title>&amp;lt;snore/&amp;gt;</title><link>http://www.wdonline.com/?postid=166</link><description><![CDATA[&lt;selfBashing&gt;Have you ever been asked to explain something, especially something you know quite well (because you wrote it)?<br /><br />I'm not a speaker; in fact, I'm quite shy, quiet, and I generally don't share much. I bet you're looking at the plethora of blog posts and saying, "Hahaha! Whatever, dude!" ;)<br /><br />To reiterate my point, I'm not a speaker, and against my better judgement, I thought I could easily explain this bit of code. But man! I took the absolute worst approach (line by line) without giving any sort of detail on the design decisions I made. Dee dee dee!<br /><br />This is one reason I like writing. I can take a block of code and take as much time as I need to construct my approach of the explaination of said code. I'm horrible, and let me emphasize <b>horrible</b>, at replying verbally to verbal questions I have to answer on the spot.<br /><br />In hindsight, I should've written my response to the question I knew was going to come, but I didn't. I figured "Hey, I spent my time writing it; I can explain it fine." Heh. Yeah. I feel sorry for the guys who had to listen to me. Note to self: re-take speech (and be a little more prepared).&lt;/selfBashing&gt;<br /><br />]]></description><dc:date>2006-07-10T17:58:06.687</dc:date></item>
 </channel>
</rss>
